0_n,0_p,0_l,1_n,1_p,1_l,2_n,2_p,2_l,3_n,3_p,3_l,4_n,4_p,4_l,5_n,5_p,5_l,6_n,6_p,6_l,7_n,7_p,7_l,8_n,8_p,8_l,9_n,9_p,9_l,10_n,10_p,10_l,11_n,11_p,11_l,12_n,12_p,12_l,13_n,13_p,13_l,14_n,14_p,14_l,15_n,15_p,15_l,16_n,16_p,16_l,17_n,17_p,17_l,18_n,18_p,18_l,19_n,19_p,19_l,20_n,20_p,20_l,21_n,21_p,21_l,22_n,22_p,22_l,23_n,23_p,23_l,24_n,24_p,24_l,25_n,25_p,25_l
FASN,0.0,2.818776,CAV1,0.0,4.0113206,LUM,0.0,3.0010433,IL7R,0.0,4.5806117,TRAC,0.0,2.8427367,CD8A,0.0,5.4653597,CCDC80,0.0,2.7050447,FOXA1,0.0,2.149317,POSTN,0.0,3.3594322,CEACAM6,0.0,3.5575833,LYZ,0.0,4.261432,CD163,0.0,3.9087033,SERPINA3,0.0,2.9437,TOP2A,0.0,3.760804,MYLK,0.0,4.538677,ITM2C,0.0,4.2879543,CEACAM6,0.0,3.1408212,SERPINA3,0.0,3.593949,CXCR4,0.0,2.821242,KRT15,0.0,5.1647854,FCER1G,0.0,3.4533706,CD3E,0.0,2.5540257,ERBB2,6.926739626469547e-244,0.7364575,CEACAM6,0.0,3.0603724,IL7R,0.0,3.2139614,CAVIN2,3.595161259628283e-292,5.4712934
EPCAM,0.0,2.6203468,CD93,0.0,4.463882,MMP2,0.0,3.3056195,CD3E,0.0,4.0531516,IL7R,0.0,3.0725393,CCL5,0.0,4.6148367,LUM,0.0,2.4528415,EPCAM,0.0,2.092663,LUM,0.0,2.7898047,TACSTD2,0.0,2.875373,FGL2,0.0,4.1009865,MRC1,0.0,4.2097573,AGR3,0.0,3.6228397,EPCAM,0.0,2.5147805,KRT14,0.0,5.3774705,TENT5C,0.0,4.130789,TACSTD2,0.0,2.736762,CEACAM6,0.0,3.471201,MS4A1,0.0,6.838049,SFRP1,0.0,4.059485,CD68,0.0,3.457091,CCL5,0.0,2.826505,KRT8,3.4151512761190135e-13,0.56329036,KRT14,0.0,3.0661848,VWF,0.0,3.7820039,MRC1,3.6545718346023946e-268,3.4980514
FOXA1,0.0,2.4517422,PECAM1,0.0,3.9314485,POSTN,0.0,3.131402,TRAC,0.0,3.8622046,CD3E,0.0,2.7405653,CD3E,0.0,3.406282,FBLN1,0.0,2.8232296,GATA3,0.0,1.8409399,PDGFRB,0.0,3.1252506,GATA3,0.0,2.5263305,CD4,0.0,2.870642,CD14,0.0,3.9002893,CCND1,0.0,1.6838491,FOXA1,0.0,2.3229969,DST,0.0,2.8757482,SLAMF7,0.0,5.2423835,KRT8,0.0,2.3836985,GATA3,0.0,2.5369928,BANK1,0.0,6.203858,TACSTD2,0.0,2.9614623,APOC1,0.0,4.251418,PTPRC,0.0,1.9865111,MMP12,9.903228014618495e-06,2.9326222,GATA3,0.0,2.1272676,CD3E,0.0,2.7889051,PECAM1,3.1446292656916797e-264,2.96364
KRT7,0.0,2.4297872,AQP1,0.0,4.4160843,CXCL12,0.0,3.1640165,PTPRC,0.0,3.3311205,PTPRC,0.0,2.1741576,PTPRC,0.0,2.837498,CXCL12,0.0,2.4682877,CCND1,0.0,1.4761648,ACTA2,0.0,2.1647475,CD9,0.0,2.281238,AIF1,0.0,2.9102974,PDK4,0.0,2.910945,SCD,0.0,2.2272527,CENPF,0.0,3.877357,KRT5,0.0,5.333989,MZB1,0.0,4.965789,S100A14,0.0,2.5766628,TACSTD2,0.0,2.3473349,SELL,0.0,3.6768384,KRT23,0.0,5.9428554,LYZ,0.0,2.556455,TRAC,0.0,2.0666652,ELF5,0.004486122470214494,2.4917333,MYLK,0.0,2.410276,PECAM1,0.0,2.8798153,KDR,4.381839684744433e-219,3.869635
SCD,0.0,2.4306085,VWF,0.0,4.8518105,CCDC80,0.0,3.1403255,CXCR4,0.0,3.0965388,CXCR4,0.0,1.9427536,TRAC,0.0,2.809082,SFRP1,0.0,2.728142,KRT7,0.0,1.9483865,RUNX1,0.0,1.9429818,TPD52,0.0,1.7832817,FCER1G,0.0,2.75488,FCER1G,0.0,2.94724,KRT8,0.0,2.0505579,PCLAF,0.0,3.1417007,PTN,0.0,3.8010309,SEC11C,0.0,3.5400417,KRT7,0.0,2.2371504,MLPH,0.0,2.3506136,PTPRC,0.0,2.2805448,KRT7,0.0,2.1950266,HAVCR2,0.0,3.5125005,CD8A,0.0,3.2298603,CTSG,0.05649929819410305,2.3402271,TACSTD2,0.0,2.181792,PTPRC,0.0,2.2526982,CAV1,1.5377020886818398e-207,2.8261611
ABCC11,0.0,2.9351459,CLEC14A,0.0,5.697879,PDGFRA,0.0,3.2209342,CYTIP,0.0,3.1380835,LUM,0.0,1.9955646,CXCR4,0.0,2.3934023,IGF1,0.0,2.6239135,ERBB2,0.0,1.3864044,CRISPLD2,0.0,2.4487715,SCD,0.0,1.9700615,ITGAX,0.0,3.9739451,CD68,0.0,2.8256607,TACSTD2,0.0,2.2160287,FASN,0.0,2.3309648,ACTA2,0.0,2.4308908,PRDM1,0.0,3.34167,CCND1,0.0,1.6969932,SCD,0.0,2.2888613,SMAP2,0.0,2.0194552,KRT6B,0.0,4.183029,ITGAX,0.0,3.496319,CXCR4,0.0,1.7356567,SLC4A1,0.08634999407790202,3.3249993,DST,0.0,1.7457317,AQP1,0.0,2.9975395,RAMP2,2.082360951617714e-188,3.4667852
MLPH,0.0,2.4323823,RAMP2,0.0,5.17468,FBLN1,0.0,3.1940424,CD4,0.0,2.3238437,CCDC80,0.0,1.883399,GZMA,0.0,4.185959,MMP2,0.0,2.1693277,FASN,0.0,1.8136051,ZEB1,0.0,2.1374378,FASN,0.0,1.9669724,PTPRC,0.0,2.1850576,C1QC,0.0,3.305412,FOXA1,0.0,2.0720444,CDH1,0.0,1.8706348,SERPINA3,0.0,2.813906,ERN1,0.0,3.063672,DSP,0.0,2.136877,ESR1,0.0,3.2303872,GPR183,0.0,2.234812,DSC2,0.0,2.8661785,CD4,0.0,2.1331131,IL7R,0.0,1.7908484,CYP1A1,0.19435426381403373,3.6892548,CD9,0.0,1.824014,TRAC,1.2380122998152329e-290,2.4345193,FAM107B,2.5324365080235234e-186,2.0505836
ANKRD30A,0.0,2.1190345,MYLK,0.0,2.470168,PDGFRB,0.0,2.6469903,IL2RG,0.0,2.8306615,POSTN,0.0,1.6982684,CD8B,0.0,4.492288,SFRP4,0.0,2.857028,ANKRD30A,0.0,1.7573587,PDGFRA,0.0,1.8909882,CLDN4,0.0,2.5265765,ZEB2,0.0,1.9457438,CD4,0.0,2.5081003,CDH1,0.0,2.02296,SCD,0.0,1.9124832,KRT6B,0.0,4.7455893,TPD52,0.0,1.9569073,ERBB2,0.0,1.5497732,FLNB,0.0,1.8534037,IL2RG,0.0,2.0457928,PTN,0.0,3.6538432,IGSF6,0.0,2.8201017,GZMA,0.0,2.6391156,CXCL5,0.4268635590869417,2.4366117,SERPINA3,0.0,2.1657043,CD93,2.3884652468587654e-264,2.7999866,VWF,1.1450329206349779e-179,3.0376618
SERHL2,0.0,2.6187341,KDR,0.0,4.863097,IGF1,0.0,2.6676512,GPR183,0.0,2.8746667,CXCL12,0.0,1.6885153,IL7R,0.0,2.5139914,ADH1B,0.0,3.6009803,KRT8,0.0,1.7193041,SVIL,0.0,1.6536257,ANKRD30A,0.0,1.8743261,MNDA,0.0,3.4812717,AIF1,0.0,2.633274,MLPH,0.0,2.106765,KRT7,0.0,1.9643803,MYH11,0.0,4.331053,CD79A,0.0,5.017065,TCIM,0.0,2.0865908,ANKRD30A,0.0,1.9942127,CD19,0.0,5.8016157,SERPINA3,0.0,2.3276258,C1QC,0.0,2.7083714,CD3G,0.0,2.3866968,CPA3,0.45736753399299596,1.8078266,DSP,0.0,1.7368455,CXCR4,2.8233778039610242e-244,1.9318725,ANGPT2,9.455887014246939e-179,4.732529
ERBB2,0.0,1.5744975,MMRN2,0.0,5.2735133,CRISPLD2,0.0,2.640991,KLRB1,0.0,3.4658735,KLRB1,0.0,2.7757564,KLRD1,0.0,4.7788663,PDGFRA,0.0,2.1428375,TCIM,0.0,1.7599733,MMP2,0.0,1.6334585,KRT8,0.0,1.8963367,IGSF6,0.0,2.8743093,FGL2,0.0,2.6132042,TENT5C,0.0,1.9935168,MDM2,0.0,1.4241912,SFRP1,0.0,2.8940654,CCPG1,0.0,2.0286756,CDH1,0.0,2.0004907,S100A14,0.0,1.982168,SPIB,0.0,4.5819225,KRT14,0.0,2.9192274,AIF1,0.0,2.0020697,CYTIP,0.0,1.6607009,MUC6,0.617406707100757,2.5040183,S100A14,0.0,1.7503198,CAV1,4.351958285536354e-174,2.0677006,TCF4,5.230548565263737e-164,2.2811239
KRT8,0.0,2.0177097,TCF4,0.0,2.4519663,SFRP4,0.0,2.5571623,S100A4,0.0,2.1137445,S100A4,0.0,1.7077763,IL2RG,0.0,2.365118,PTGDS,0.0,2.0635366,MLPH,0.0,1.751501,GJB2,0.0,3.9895928,KLF5,0.0,2.402855,CD68,0.0,2.201413,C1QA,0.0,3.457671,ANKRD30A,0.0,1.8600196,MKI67,0.0,3.048091,KRT15,0.0,3.3832288,PECAM1,0.0,2.3129795,EPCAM,0.0,1.8010021,AGR3,0.0,2.970072,PTGDS,0.0,1.9611181,KRT5,0.0,3.3956268,FCGR3A,0.0,3.1324995,S100A4,0.0,1.4035063,UCP1,0.6209862008133484,2.9425392,KRT8,0.0,1.7216306,IL2RG,1.2376073312042273e-170,2.0985568,IGF1,8.999665023935896e-162,2.3529522
CD9,0.0,1.8985404,ACTA2,0.0,2.040525,BASP1,0.0,1.7132275,FAM107B,0.0,1.8561798,CYTIP,0.0,1.9239475,CYTIP,0.0,2.263944,POSTN,0.0,1.7573321,ABCC11,0.0,1.9226161,TCF4,0.0,1.6860955,MLPH,0.0,1.9120123,PDK4,0.0,1.940577,ZEB2,0.0,1.9126618,ERBB2,0.0,1.4369184,ANKRD30A,0.0,1.7333536,DSP,0.0,2.0135853,CYTIP,0.0,2.0700958,LYPD3,0.0,1.7402836,TPD52,0.0,1.6923231,CYTIP,0.0,1.7447395,ALDH1A3,0.0,3.4146686,CXCL16,0.0,2.328278,IL2RG,0.0,1.6109611,AHSP,0.6847752623919661,3.1953273,MLPH,0.0,1.7111865,S100A4,5.611106157484427e-165,1.6998107,WARS,6.854572594906576e-140,1.9660137
GATA3,0.0,1.9187051,ZEB2,0.0,1.7245147,PTGDS,0.0,2.0592833,CD3D,0.0,3.4004023,CD4,0.0,1.6194781,CD69,0.0,2.8385868,PDGFRB,0.0,1.6119807,SERHL2,0.0,1.7274896,LRRC15,0.0,2.8939562,KRT7,0.0,1.9350873,HAVCR2,0.0,3.068722,CXCL12,0.0,1.8365072,EPCAM,0.0,1.9067729,GATA3,0.0,1.7106365,KRT16,0.0,4.731916,CD27,0.0,3.5411375,TPD52,0.0,1.35611,KRT8,0.0,1.8866476,CD79A,0.0,3.9720926,KIT,0.0,3.989031,FGL2,0.0,1.9186995,CD69,0.0,1.9374382,MPO,0.6997472114526825,2.9360876,KRT7,0.0,1.7966597,RAMP2,7.421141674166071e-160,3.1848888,FBLIM1,3.377581360897937e-106,2.3482475
CCND1,0.0,1.5222137,NOSTRIN,0.0,4.5122595,ZEB2,0.0,1.4981194,CD247,0.0,3.3733747,GPR183,0.0,1.9249544,S100A4,0.0,1.8561093,PDK4,0.0,1.5495205,AR,0.0,1.7278836,CCDC80,0.0,1.3080533,LYPD3,0.0,1.9318641,CD86,0.0,2.920181,LYZ,0.0,1.9074645,DSP,0.0,1.757702,MLPH,0.0,1.8250216,ACTG2,0.0,1.692015,SEC24A,0.0,1.8105963,DSC2,0.0,1.7051694,CD9,0.0,1.7105857,ZEB2,0.0,1.1671472,CLDN4,0.0,2.085885,CD163,0.0,2.1842992,CD3D,0.0,2.001194,MYBPC1,0.7091662724550684,1.7985315,KRT5,0.0,2.4406517,MYLK,3.4921653754506755e-157,1.9488618,EGFL7,4.205738644235877e-103,4.228888
MYO5B,0.0,2.0806067,ZEB1,0.0,1.9935778,EGFR,0.0,2.2805042,CD69,0.0,3.1120028,IL2RG,0.0,1.7942021,CD3G,0.0,2.9046426,DPT,0.0,2.217527,CD9,0.0,1.3513111,ENAH,0.0,1.133301,EPCAM,0.0,1.918096,CD163,0.0,2.5859761,CCDC80,0.0,1.7737962,CEACAM6,0.0,1.948076,ERBB2,0.0,1.3604062,RUNX1,0.0,1.6107858,TNFRSF17,0.0,5.5263987,CTTN,0.0,1.0262146,FOXA1,0.0,1.8762512,LTB,0.0,3.0134993,DSP,0.0,1.5623564,CD14,0.0,2.1322212,CD247,0.0,2.010222,APOBEC3A,0.7814181787652734,1.9675585,ACTA2,0.0,1.3622175,CYTIP,5.384875484695486e-150,1.9281372,BACE2,6.741869919647798e-101,2.013529
CTTN,0.0,1.467204,HOXD9,0.0,5.265603,DPT,0.0,2.2495916,CD3G,0.0,3.178367,PTGDS,0.0,1.7068623,CD3D,0.0,2.6746686,TCF4,0.0,1.3442696,ENAH,0.0,1.2484218,ZEB2,0.0,1.1827439,ABCC11,0.0,2.018715,GLIPR1,0.0,2.026335,IGSF6,0.0,2.138551,LYPD3,0.0,1.7691908,ABCC11,0.0,1.9539125,TACSTD2,0.0,1.6716319,RAB30,0.0,2.8689466,AGR3,0.0,2.1512809,MZB1,0.0,2.2908275,FAM107B,0.0,1.3286792,CDH1,0.0,1.3090136,CD86,0.0,2.3164268,KLRD1,1.4898827802779797e-263,2.8765934,TCF15,0.7975835904158786,2.0541804,TPD52,0.0,1.3924862,LDHB,1.9133681069574935e-138,1.5390693,EDNRB,1.3734789697736367e-97,2.5486941
CDH1,0.0,1.7645277,PPARG,0.0,2.5874531,MEDAG,0.0,3.1149995,LDHB,0.0,1.7690817,CD247,0.0,2.3478441,KLRC1,0.0,4.354144,CRISPLD2,0.0,1.45213,CTTN,0.0,1.1359196,FBLIM1,0.0,1.8537714,CDH1,0.0,1.7157142,MRC1,0.0,2.6152732,LUM,0.0,1.5609561,S100A14,0.0,1.643011,KRT8,0.0,1.708811,KRT7,0.0,1.580494,DERL3,0.0,5.4633446,MLPH,0.0,1.2106283,FASN,0.0,1.7201655,BASP1,0.0,1.1878052,CD9,0.0,1.1736536,SMS,0.0,1.2019356,CD8B,3.1334499780059365e-239,2.4394102,CRHBP,0.8583518867326702,3.36358,LYPD3,0.0,1.6592311,ZEB2,3.54380399369831e-133,1.3991759,MMP2,5.715078463949872e-97,1.5610934
TCIM,0.0,1.8000827,HOXD8,0.0,2.186485,TCF4,0.0,1.4539849,CCR7,0.0,3.5650291,CD3D,0.0,2.2809715,CD247,0.0,2.6036205,EGFR,0.0,1.6138082,MYO5B,0.0,1.4246083,CAV1,0.0,1.1255417,S100A14,0.0,1.6591506,SMAP2,0.0,1.5724056,ITGAM,0.0,2.8926435,GATA3,0.0,1.5148151,MYO5B,0.0,1.7466298,EGFR,0.0,2.2509537,TRIB1,0.0,2.0374985,BACE2,0.0,1.6537294,SMS,0.0,1.4845736,CXCL12,0.0,0.9850567,SLC5A6,0.0,1.669951,ZEB2,0.0,1.1619807,LPXN,2.696072312822229e-205,1.337522,LEP,0.9262624686013856,1.4740024,MYH11,0.0,2.4656708,ACTA2,1.2195422080830285e-129,1.4727583,DST,3.063875345373421e-95,1.2600822
AR,0.0,2.0312488,CXCL12,0.0,1.421106,PDK4,0.0,1.0685747,SELL,0.0,2.887741,CD69,0.0,2.1541538,NKG7,0.0,4.3172035,AQP1,0.0,1.1334621,MDM2,0.0,1.0607586,FBLN1,0.0,0.94771725,FOXA1,0.0,1.713014,CXCR4,0.0,1.1477455,POSTN,0.0,1.4629663,ESR1,0.0,2.446572,AR,0.0,1.8111573,DSC2,0.0,1.8359673,VOPP1,0.0,1.1444478,CLDN4,0.0,1.6524523,EPCAM,0.0,1.739437,CCR7,0.0,2.7099845,KRT16,0.0,3.4681804,MNDA,0.0,1.9178824,FAM107B,1.126832194483325e-200,0.85634214,LIF,0.9975155484863967,1.2363192,ACTG2,0.0,1.2231439,CLEC14A,6.990013214298891e-129,2.915834,HOXD8,3.262754540342072e-95,1.9767251
ELF3,0.0,2.0673301,BTNL9,0.0,4.604721,ADH1B,0.0,2.1174722,PRDM1,0.0,2.1873884,SFRP4,0.0,1.7558606,ADGRE5,0.0,1.8284599,ZEB2,0.0,0.9142774,TRAF4,0.0,1.5207249,MYLK,0.0,0.9429618,TFAP2A,0.0,1.9680698,C1QC,0.0,2.0375953,CD93,0.0,1.8194269,CTTN,0.0,1.1582118,CD9,0.0,1.4985356,SVIL,0.0,1.1979227,IL2RG,0.0,1.5519176,SERHL2,0.0,1.4840597,DSP,0.0,1.5141364,LPXN,1.4064128157736602e-275,1.5636513,ADAM9,0.0,1.1441351,CD83,0.0,2.5320978,KLRB1,6.5871189196003515e-137,1.3826582,PDCD1,0.942160150393762,1.1336116,ANKRD30A,0.0,1.4513222,KLRB1,8.840929970214495e-125,2.3783855,FLNB,1.5060413855456471e-93,1.3496242
TRAF4,0.0,1.8250493,PDGFRB,0.0,1.7726908,EDNRB,0.0,2.1092217,TCF7,0.0,3.1144345,CD3G,0.0,2.1465678,LUM,0.0,1.085569,EDNRB,0.0,1.8357254,CDH1,0.0,1.2728815,BASP1,0.0,0.7559962,MZB1,0.0,2.2049673,GPR183,0.0,1.5413065,HAVCR2,0.0,2.2919486,AR,0.0,1.5529044,SH3YL1,0.0,1.6584532,CAV1,0.0,1.239237,DUSP5,0.0,2.2129338,ANKRD30A,0.0,1.1234268,LYPD3,0.0,1.5877439,CD83,7.164198767707175e-257,2.8826888,ELF3,0.0,1.5233049,C1QA,0.0,1.6081187,SLAMF1,2.461629603058427e-136,1.536267,CSF3,0.9354080586226129,1.2936128,MZB1,0.0,1.9030422,CD247,6.879566927619837e-116,2.48459,LRRC15,1.7701189064768416e-91,2.6046069
TACSTD2,0.0,1.4218543,IL3RA,0.0,3.974794,ZEB1,0.0,1.2006482,SLAMF1,0.0,3.0384176,PRDM1,0.0,1.6035178,FAM107B,0.0,1.0935075,SVIL,0.0,0.9388518,NARS,0.0,1.0100313,IGF1,0.0,1.0852829,MYO5B,0.0,1.6268398,MAP3K8,0.0,1.8823847,IGF1,0.0,1.6120559,FASN,0.0,1.2607965,TENT5C,0.0,1.533771,AQP1,0.0,1.0271603,CXCR4,0.0,1.1745849,SERPINA3,0.0,1.5309879,CCND1,0.0,1.2125623,GLIPR1,2.4002310978270255e-229,1.2461803,DST,0.0,0.9389898,SCD,9.963739075234662e-300,0.8657009,KLRC1,2.699174221875681e-130,2.6203299,TCL1A,0.8557286758629583,0.92112327,SFRP1,0.0,1.4715234,CD69,1.5587357464175666e-109,2.2720358,CCDC80,2.703085040672756e-86,1.4874247
NARS,0.0,1.1249534,ANKRD29,0.0,3.8284435,RUNX1,0.0,0.86393327,ERN1,0.0,2.0820446,MMP2,0.0,1.2124763,LPXN,0.0,1.6767808,ZEB1,0.0,0.97119975,CCDC6,0.0,1.0168506,CCPG1,0.0,0.82518315,ELF3,0.0,1.8983613,FCER1A,0.0,3.6962352,SMAP2,0.0,1.4997207,FLNB,0.0,1.1478151,CTTN,0.0,1.2512785,S100A14,0.0,0.8912983,CXCL12,0.0,1.1000048,FOXA1,0.0,1.1272527,TFAP2A,0.0,1.7015734,POLR2J3,3.6937117723165066e-229,0.40102807,CXCL16,0.0,1.6078922,TYROBP,5.758172855131682e-296,2.4621804,KRT7,8.893673088668135e-128,0.8067099,CCL20,0.8557286758629583,0.89385414,PTN,0.0,1.8280602,CD3D,3.838875524161101e-94,2.2704859,POSTN,4.610117013553479e-86,1.5482253
TENT5C,0.0,1.3390824,PDK4,0.0,1.3402951,SVIL,0.0,0.9697541,LTB,0.0,3.4414842,LDHB,0.0,1.2107658,PRF1,0.0,3.6236773,LPL,0.0,2.5454533,USP53,0.0,1.1880361,EGFR,0.0,1.1273532,ERBB2,0.0,1.2177707,CX3CR1,0.0,3.2990603,SFRP4,0.0,1.8076884,KRT7,0.0,1.4940643,NARS,0.0,1.2334421,FOXC2,0.0,3.6015043,CCDC80,0.0,1.1464881,CD9,0.0,1.0068656,ERBB2,0.0,1.1830693,TCF4,8.741884149522003e-217,1.2567779,SLC25A37,0.0,2.2577777,ITGAM,5.14958827497629e-295,2.1284094,ADGRE5,6.234754989859504e-119,1.1111127,PIGR,0.8168031156772881,0.9263723,EPCAM,0.0,1.5269457,CD3G,1.0127031251879519e-88,2.197483,CLEC14A,6.876103006691997e-78,2.3081937
LYPD3,0.0,1.4992675,CAVIN2,0.0,4.0930734,CD68,0.0,0.7973212,SMAP2,0.0,1.7297366,FAM107B,0.0,1.1181934,SLAMF7,0.0,1.6911744,CEACAM6,0.0,0.79573846,ELF3,0.0,1.409714,LDHB,6.214244683491526e-281,0.6400269,FLNB,0.0,1.2662482,CD14,0.0,1.762835,CD86,0.0,2.1022725,MYO5B,0.0,1.2973889,HMGA1,0.0,1.5735933,OXTR,0.0,3.4280653,TIFA,0.0,2.0286322,ELF3,0.0,1.4032547,CDH1,0.0,1.3686943,SERPINB9,3.765742902676005e-196,1.1788259,FLNB,0.0,0.94812715,PTPRC,2.7021449776479797e-264,0.7829278,CCND1,2.8818959933993936e-116,0.56738436,TPSAB1,0.7460981228812499,1.2371283,ERBB2,0.0,1.1360531,FAM107B,5.051416955074641e-80,1.1505365,PPARG,4.4255989508233586e-76,1.9906448
USP53,0.0,1.4314543,EDNRB,0.0,2.7108204,SFRP1,0.0,1.0196117,LPXN,0.0,2.0306613,SLAMF1,0.0,2.2323933,SERPINB9,0.0,1.2405325,CAV1,0.0,0.9234904,LYPD3,0.0,1.1359687,AQP1,1.9940153997576306e-258,0.8277236,USP53,0.0,1.5511899,CD1C,0.0,3.8621407,GLIPR1,0.0,1.4622757,ENAH,0.0,1.0460695,CCND1,0.0,1.2081583,FBLIM1,1.1817383094352711e-293,1.3765907,LUM,0.0,1.0871093,CCDC6,0.0,0.9189122,CLDN4,0.0,1.734289,ITM2C,1.3087449281985848e-180,1.1657872,JUP,0.0,1.4182614,GLIPR1,1.3157399842204079e-257,1.0666776,TUBA4A,5.637370497820835e-108,0.82259375,SSTR2,0.7399844913804297,0.88212407,FASN,0.0,1.2789611,ADGRE5,2.903544976314513e-78,1.7580789,SVIL,3.192853991716429e-75,1.3181918
ENAH,0.0,1.1789318,ANGPT2,0.0,3.8055587,LRRC15,0.0,2.053462,CTLA4,0.0,3.4714167,CTLA4,0.0,2.9815524,GLIPR1,0.0,1.2500498,MEDAG,0.0,1.7826486,TENT5C,0.0,0.9160821,PCOLCE,4.341459080759829e-252,1.9801966,DSP,0.0,1.2936623,ITGAM,0.0,2.5080976,MMP2,0.0,1.2489091,CLDN4,0.0,1.5172671,TRAF4,0.0,1.5719745,SLC25A37,9.514838985263656e-214,1.5436088,SLAMF1,0.0,1.8333175,MYO5B,0.0,1.0668333,HOXD8,0.0,1.6009088,CLECL1,1.7976449640991284e-180,3.5866323,SVIL,0.0,1.0962652,ADAM9,5.4209865000106656e-250,0.81708634,GLIPR1,3.787330490785401e-99,0.7932451,GZMK,0.7399844913804297,0.38011923,SCD,0.0,1.2753611,GPR183,1.6138516845596317e-77,1.5716606,DUSP5,2.917339167021099e-72,1.9988004
S100A14,0.0,1.3383126,FBLIM1,0.0,2.0379817,PCOLCE,0.0,2.281365,CCL5,0.0,1.8189491,FBLN1,0.0,1.242597,ITM2C,0.0,1.1230092,PCOLCE,0.0,1.8556647,SH3YL1,0.0,1.0268804,FSTL3,1.2645726964434014e-204,1.5924647,SERHL2,0.0,1.4627308,SERPINB9,0.0,1.3232989,MNDA,0.0,2.0320954,ELF3,0.0,1.3580613,ENAH,0.0,1.2065367,GLIPR1,1.9833033264783727e-201,0.78097427,PTGDS,0.0,1.1278746,SLC5A6,0.0,1.2626107,KRT7,0.0,1.5010977,TOMM7,3.448918002248561e-169,0.33091453,MYO5B,0.0,1.1471051,C15orf48,1.2845747685132785e-238,3.3252845,NKG7,6.608763831567109e-97,2.6144948,NDUFA4L2,0.7399844913804297,0.7129933,KRT15,0.0,1.7654368,MMRN2,1.9472248299015254e-72,2.7737193,ZEB1,2.872813175036964e-70,1.5643187
CCDC6,0.0,1.1538687,SOX17,0.0,4.7207837,ITM2C,0.0,0.6719802,TOMM7,0.0,0.4042787,SELL,0.0,1.7559938,POSTN,0.0,0.87602466,S100A4,0.0,0.49919716,DSP,0.0,0.89020175,CXCL12,3.8420259929093014e-200,0.45902547,SMS,0.0,1.1538118,FCGR3A,0.0,2.1573393,PTPRC,0.0,1.0108505,NARS,0.0,0.8045327,DSP,0.0,1.2888178,C5orf46,1.3439772740936412e-187,3.5252934,SFRP4,1.1539197472616372e-205,1.0081167,JUP,0.0,1.1692119,HOOK2,0.0,1.9047534,LDHB,4.3601758528052536e-169,0.87275666,CEACAM6,0.0,1.1740115,PDK4,6.902566722087645e-206,1.0545697,PRF1,2.3030612055673418e-89,2.3285317,S100A8,0.7284579591113265,1.1393726,CDH1,0.0,1.2113621,SLAMF1,5.419951531283975e-64,2.1283002,PDK4,1.184953456004575e-67,1.2370269
MDM2,0.0,0.99902046,LDHB,0.0,1.0466586,LPL,0.0,1.9237927,ADGRE5,0.0,1.7816638,CCL5,0.0,1.3413912,ERN1,0.0,1.1657647,TAC1,3.3325991038605704e-290,2.561657,TFAP2A,0.0,1.1528057,TCIM,4.236656933677213e-190,0.4810156,HOOK2,0.0,2.0320797,S100A4,0.0,1.0566102,FCGR3A,0.0,2.2404718,SERHL2,0.0,1.2051914,CCDC6,0.0,1.1552022,CEACAM6,2.0823203053586164e-181,0.54060733,POSTN,1.7246839798602743e-205,0.6792977,KRT15,0.0,1.3183938,SLC5A6,0.0,1.4273771,LUM,1.212465557934204e-165,0.72691286,EGFR,0.0,1.565657,CXCR4,1.1472141687434235e-185,0.67199874,FOXA1,5.758812743832005e-86,0.57510227,DNAAF1,0.7137814818832026,1.2766212,KLF5,0.0,1.6260053,PRDM1,8.443336795454024e-63,1.4647177,CXCL12,1.0242336111091611e-60,1.2142601
DSP,0.0,1.1071634,EGFL7,0.0,4.5337186,FBLIM1,0.0,1.1179188,GZMA,0.0,2.2900057,ERN1,0.0,1.2409409,LYZ,1.5037079647879108e-286,0.817933,FGL2,2.083038617582246e-283,0.4264816,SCD,0.0,0.89311343,CTTN,1.40743387278343e-178,0.44013828,NARS,0.0,1.0211784,SLAMF7,0.0,1.7533792,FBLN1,0.0,1.3091159,TRAF4,0.0,1.1000065,RTKN2,0.0,2.1314025,DMKN,1.4145401017182964e-159,1.804831,IGF1,1.7442808944249814e-202,0.8742975,TRAF4,0.0,0.9871956,NARS,0.0,0.9751453,LYZ,2.9376173652974384e-162,0.8080242,KRT8,0.0,0.99741966,PECAM1,2.7686181837362418e-163,0.63763106,HMGA1,2.275034384364474e-81,0.7609779,LILRA4,0.5976198093819514,0.47613174,TFAP2A,0.0,1.466023,CCL5,5.776717888555155e-62,1.6901752,LUM,4.6541639032900235e-58,1.3365922
SQLE,0.0,1.3679193,FLNB,0.0,0.93260545,LDHB,0.0,0.584221,POLR2J3,0.0,0.34815535,TCF7,0.0,1.8612765,PRDM1,1.2564601989537397e-284,1.1308476,MRC1,3.412268053563674e-272,0.6271542,TMEM147,0.0,0.8120787,PRDM1,1.756818613454168e-154,0.5529731,SH3YL1,0.0,1.1235172,C1QA,0.0,1.6826872,PECAM1,0.0,0.9823553,CD9,0.0,0.8668989,SQLE,0.0,1.4857652,ENAH,2.9777643807357793e-155,0.52938336,SMAP2,2.703400855992144e-197,0.8027974,ENAH,3.0100651219258546e-260,0.6631491,RHOH,0.0,1.3008145,VOPP1,2.1388376952750133e-155,0.7813583,EPCAM,0.0,1.0377997,GPR183,1.390831209981933e-161,0.9741659,ERBB2,7.576736747477164e-80,0.52851105,GNLY,0.5798937824882561,0.28667274,FOXA1,0.0,1.2165877,SERPINB9,3.2178104753654274e-60,1.2940882,SFRP4,1.470516484797958e-57,1.5629237
TPD52,0.0,0.95870245,RAPGEF3,0.0,2.9775827,AKR1C1,0.0,1.796459,SERPINB9,0.0,1.279245,LPXN,0.0,1.2990816,PIM1,1.407937274827064e-283,1.4934173,CD163,1.1922901512289823e-267,0.59281987,HMGA1,0.0,0.93482006,BACE2,4.728921269785109e-150,0.7412905,RTKN2,0.0,1.9041754,CXCL16,0.0,1.5483935,TYROBP,0.0,2.5645075,SMS,0.0,0.8377654,SERHL2,0.0,1.3636779,JUP,1.3366573783973311e-136,0.8472305,LPXN,5.59674508162527e-194,1.0147624,GATA3,1.4250731502244569e-254,0.7063288,QARS,0.0,0.9836681,CD86,5.684061740761873e-146,1.6453375,SH3YL1,0.0,1.037947,TPSAB1,2.584138655082597e-161,2.7220688,SERPINB9,6.266460515969324e-74,0.69593686,CLEC9A,0.5713175401040349,0.5390215,CCND1,0.0,0.9771843,CD4,1.8944706590181565e-59,1.0788172,MEDAG,1.8950428657604693e-55,2.591439
KLF5,0.0,1.3748169,AVPR1A,0.0,4.1500187,CCPG1,0.0,0.648561,CD27,0.0,2.421344,ADGRE5,0.0,1.2723378,GPR183,2.0943459858227208e-231,0.9845605,LDHB,8.47768130121611e-253,0.4975504,BASP1,0.0,0.74966645,PDE4A,7.68970578857108e-132,1.0466151,JUP,0.0,1.260427,CYTIP,0.0,1.067777,MAP3K8,0.0,1.448017,SQLE,0.0,1.1085505,LYPD3,0.0,1.3063694,PGR,8.885155370309108e-120,2.7623646,FGL2,1.4862562788034649e-173,0.69267446,SCD,5.615221518542588e-198,0.60801506,AR,0.0,1.1234615,CD79B,2.9593855580207446e-114,4.1453075,PIGR,0.0,5.635455,SLAMF7,2.351340411001848e-159,1.2301052,APOC1,4.176484834666552e-72,1.359946,SCGB2A1,0.5279976301608442,0.7248831,FLNB,1.1167053142670275e-300,0.9590029,TOMM7,7.367821450826141e-54,0.4673148,JUP,8.635109302752176e-53,1.4415456
SH3YL1,0.0,1.107806,BACE2,0.0,1.4571829,TCEAL7,0.0,2.2614145,TUBA4A,0.0,1.2155939,GZMA,0.0,1.6594434,TCF7,7.626697096784947e-230,1.5898488,CD68,3.2816016635620117e-251,0.3887256,PCLAF,0.0,1.204442,PIM1,1.9700038326672415e-119,0.79553425,SLC5A6,0.0,1.1730444,IL2RG,0.0,1.1118237,PTGDS,0.0,1.0745054,CCDC6,0.0,0.78919095,TPD52,0.0,1.1050016,KRT23,4.44283665304271e-96,1.5505987,AQP3,1.5664138188820284e-173,2.0174882,ZNF562,7.103870368255521e-192,0.6709385,SEC24A,0.0,1.00166,CD4,3.2968117670458764e-107,0.8420214,CDC42EP1,3.857092983659282e-290,2.363265,LPXN,4.583871970665535e-147,0.95940214,CTLA4,3.0953993852250728e-61,1.6070724,MMP1,0.517635791786254,0.721709,RHOH,1.0084892145515267e-292,1.152978,TCF7,1.0121336519011846e-51,1.9313258,SERPINB9,1.6596565839624183e-51,1.2544277
DST,0.0,0.7574282,DST,0.0,0.646579,ALDH1A3,0.0,1.5384071,LYZ,0.0,0.93178344,LTB,0.0,1.9992446,SMAP2,1.0464175480968343e-225,0.8903664,SERPINA3,4.9360421383274775e-250,0.36152673,SMS,0.0,0.7038512,MDM2,6.762147649440677e-113,0.34395063,QARS,0.0,0.9208978,BASP1,0.0,0.8896893,CXCL16,0.0,1.3610717,TPD52,0.0,0.7753793,SMS,0.0,0.999613,CLCA2,7.654455663786078e-82,3.655244,TCF4,1.0497965100400898e-169,0.79294205,TUBB2B,1.8956540416980957e-190,1.4302552,MYO5B,0.0,0.945294,FAM49A,4.679101904549709e-104,1.8842782,TPD52,3.5955115714244707e-242,0.7171939,LY86,7.822515988218125e-144,2.3594282,PRDM1,1.7222530527444295e-56,0.6508713,NCAM1,0.43002480845904,0.16695775,CLDN4,1.982545327345717e-248,1.1500179,LTB,2.0601752177859917e-47,2.2419374,FAM49A,6.314572143492161e-48,2.1073315
TFAP2A,0.0,1.1099637,PELI1,0.0,1.2656968,CAV1,9.979762592616961e-291,0.47921053,GLIPR1,5.808250691476997e-306,1.1789802,CCR7,0.0,1.9009832,ZEB2,3.8227943857709526e-221,0.59832376,AKR1C1,1.6978156998311095e-249,1.82828,ZNF562,0.0,0.7803491,DPT,7.994896250326337e-106,0.7317674,RHOH,0.0,1.0829902,TYROBP,4.3491141119138116e-293,2.4491253,ADH1B,0.0,1.669263,DSC2,0.0,0.9145094,SLC5A6,0.0,1.3149595,TRAPPC3,7.608003743134817e-78,0.4305638,CAV1,1.1566641944263872e-168,0.6929403,TRIB1,1.4845873928027474e-179,0.9861765,LARS,0.0,0.7877485,CD27,5.625455875896764e-98,1.7473522,SMS,3.998330482122219e-242,0.72140974,MAP3K8,1.194035343830866e-125,1.0980333,GATA3,1.4656027775568087e-55,0.4196192,CLCA2,0.4268635590869417,0.60304576,KRT6B,8.52239685374224e-241,1.6526378,IL3RA,7.356182238543852e-47,2.7990422,CCND1,3.7180140616879244e-39,0.82849514
TMEM147,0.0,0.8141077,CCPG1,0.0,0.7140977,CD163,1.030386069822892e-257,0.55362356,TIGIT,1.1977758476307134e-241,2.9392838,PDGFRA,0.0,0.9876852,SLAMF1,2.075105430862772e-219,1.5407331,ACTA2,5.453554741192442e-238,0.38932273,SLC5A6,0.0,0.9149428,WARS,1.7124563812235172e-105,0.53018534,SDC4,0.0,1.3812889,WARS,7.624878417893193e-269,1.0585606,GPR183,0.0,1.0051564,TMEM147,0.0,0.6795941,TUBA4A,0.0,1.0910376,TUBB2B,6.6389054717721494e-74,1.2564682,ADGRE5,1.0230512481275544e-159,0.92858976,KRT14,1.2946826461009608e-166,0.9600957,TMEM147,0.0,0.77754307,LILRA4,7.38903507234193e-98,4.485477,KLF5,4.386574714233389e-221,1.1695205,MRC1,1.639183964354129e-99,0.8986031,FASN,5.347508991884584e-54,0.38606185,CLDN5,0.39883310075804995,0.34287402,SMS,4.1218008204791e-231,0.8416778,NOSTRIN,1.2824670181128392e-43,2.5098224,CLDN5,8.309904511956263e-39,4.3377385
SLC5A6,0.0,1.1130359,EDN1,0.0,3.9065423,BACE2,3.38780921717129e-256,0.71219504,AQP3,8.415974421368682e-144,2.221696,LYZ,0.0,0.7632983,CCDC80,8.918216031301264e-217,0.6644312,PTN,1.1444398687347323e-236,0.62958455,TACSTD2,0.0,0.59220845,PTN,1.159206906835123e-102,0.6028382,SEC24A,0.0,0.86848515,CD93,1.6894557113462968e-261,1.09009,ITGAX,0.0,1.5091935,DMKN,6.715231894893223e-294,1.7470007,KLF5,0.0,1.2951431,TCF7,5.696438212537682e-65,0.6706543,FBLN1,2.0282857571663825e-146,0.71063787,CEACAM8,2.225474522514495e-165,2.2778568,ELF3,0.0,0.9418356,PLD4,1.8781839463000108e-90,3.5193727,C5orf46,5.920605258266992e-212,3.8737104,MMP12,1.6008309972909908e-98,4.646204,LDHB,6.612822366060197e-53,0.470146,ESM1,0.38751858702089637,0.50556487,MYO5B,6.388880034270102e-222,0.87195796,SELL,1.786219115190414e-42,1.6900126,CD93,1.6260586348993186e-33,1.0540457
ZNF562,0.0,0.9175975,SVIL,0.0,0.6966089,PPARG,3.4905930584471653e-253,0.9104091,PIM1,6.464626784265319e-105,1.2277738,IGF1,0.0,0.951145,LDHB,6.034189477418077e-203,0.69569325,ITM2C,2.08319134665338e-226,0.41063312,SQLE,0.0,0.83050656,TCEAL7,6.768097376598422e-97,1.6641977,AR,0.0,0.97048825,LPXN,3.3768919418409625e-250,1.1855233,RUNX1,5.838334681139953e-280,0.6011608,RUNX1,2.398593460822979e-291,0.54486454,SRPK1,0.0,1.0952919,CDH1,9.583010444505405e-64,0.30718535,WARS,2.6208891887131375e-144,0.71278274,OCIAD2,1.637432530760286e-162,0.90513176,SRPK1,0.0,0.81189096,LY86,4.157502140668332e-88,2.60036,SDC4,4.669409871470331e-209,1.3125124,LPL,4.505444547431477e-73,1.3564165,PIM1,4.263303940878393e-52,0.88443166,KLRF1,0.22832462034830772,0.8199526,HOOK2,1.4335390157256795e-219,1.4558392,SMAP2,3.409024244996665e-42,1.084661,TRIB1,7.319073059267548e-32,1.3294479
HMGA1,0.0,0.8713757,ESM1,0.0,4.27654,S100A4,3.5769601151146946e-238,0.3776585,APOBEC3B,1.1233693943555463e-51,1.5936213,SMAP2,2.3565724428148673e-288,0.8334049,TUBA4A,3.745056445261587e-192,0.8821333,FSTL3,2.522140314128539e-216,1.3049781,PTRHD1,0.0,1.0103503,ALDH1A3,4.6279210735986784e-94,1.1934599,ZNF562,0.0,0.8313301,PECAM1,5.77717507660593e-185,0.6929839,IL2RA,2.8856454692903894e-278,2.411148,ZNF562,2.614148329156512e-237,0.5994675,RHOH,0.0,1.1387895,KRT8,5.850626175324404e-54,0.3043674,ANKRD28,7.254513503982507e-139,1.2048484,FLNB,1.9586957395688396e-134,0.5289488,C6orf132,0.0,1.5559611,CD80,1.1495530406246977e-69,3.383695,ELF5,1.1665019168264959e-207,4.2009153,PPARG,7.1724598393638554e-65,0.9444469,CD4,1.0424745120750996e-47,0.43955582,PLD4,0.20689125576711326,0.32587373,AR,4.80493648582857e-218,0.9675051,CCR7,4.3037603748576065e-41,2.011758,NCAM1,4.9037229678501336e-31,4.32792
QARS,0.0,0.7396808,TCIM,0.0,0.6327463,TAC1,2.5821562225896754e-222,2.3224013,PRF1,8.905237276486102e-36,1.7181096,DPT,6.391996188354986e-272,1.3953308,DUSP2,3.957729447228764e-183,2.661962,ADIPOQ,1.4100430649521763e-214,3.8805013,POLR2J3,0.0,0.43142664,LPL,1.5240212099521515e-71,0.9882623,C6orf132,0.0,1.6539925,CD83,1.726386399507581e-135,1.9484001,PDGFRA,5.3916028971075606e-275,0.76858276,C6orf132,7.429848912250433e-203,1.2604629,ELF3,0.0,1.2371436,FLNB,4.816190206323697e-53,0.29176134,PIM1,1.2998342156298348e-131,1.0155731,C6orf132,1.4261176420068075e-132,1.2328432,SH3YL1,0.0,0.7625538,CCDC80,2.8139667275871534e-68,0.49220034,OPRPN,3.164834481457615e-206,4.114189,CX3CR1,2.3444953783482813e-53,1.8281835,GPR183,5.200743159102915e-44,0.53395313,CD79B,0.19616357135378926,-0.5584303,SLC5A6,1.5602395305471955e-215,1.055432,GZMA,1.3566916679377478e-40,1.7882081,SOX18,3.328115832697793e-30,3.7151024
LARS,0.0,0.7021023,SOX18,2.5842124858049946e-235,4.0841784,C1QA,7.584182478655625e-217,0.7093944,DUSP2,1.5599869907996335e-29,1.7069124,PIM1,5.087438129048625e-267,1.2657129,KLRB1,1.401794138524283e-182,1.2020395,ALDH1A3,3.075246144705855e-209,1.2662311,LARS,0.0,0.5762135,ADAM9,7.15044522907145e-67,0.29511943,CEACAM8,0.0,2.708231,LY86,1.7158231460544955e-128,2.3760598,FAM49A,1.6198265012526434e-257,1.5685191,TFAP2A,8.014740082609626e-196,0.63378954,TFAP2A,0.0,1.1714629,CCND1,5.905776797641401e-45,0.30499372,LDHB,9.184619024051101e-112,0.50284857,USP53,3.1145959289852505e-128,0.5430353,SDC4,6.521018011596657e-302,1.0935522,TRAC,7.608905828671166e-65,0.53183156,TUBB2B,4.7785485914937436e-197,1.6908177,NARS,3.4306321333967757e-48,0.31504694,TCF7,2.962495547673969e-41,0.8788956,CLIC6,0.19616357135378926,-0.016515812,JUP,1.5371323793087142e-194,0.99205613,KDR,1.6740040158764315e-40,2.1908338,HOXD9,1.249955665779126e-29,2.4552407
POLR2J3,0.0,0.4734615,POSTN,1.4030057500275045e-226,0.44947398,MRC1,8.937645546394689e-190,0.45868272,MS4A1,3.181203316409592e-19,0.80894107,CD27,4.1602828162733605e-215,1.5823541,PTGDS,1.3322348157494203e-169,0.7762504,C1QA,2.211453348953568e-181,0.6493907,RHOH,0.0,0.690414,ITM2C,1.7742200482251245e-66,0.19598085,VOPP1,0.0,0.6579984,POSTN,9.761704609423871e-118,0.4657251,DPT,5.035358714667098e-246,1.1902655,SEC24A,7.977664272479593e-183,0.50043666,ZNF562,0.0,0.9745152,GJB2,2.687219790289437e-41,1.0713766,BASP1,1.0493533009399303e-111,0.52470237,AR,2.0908682147454955e-125,0.5596068,RTKN2,7.62127567988969e-293,1.3057137,IL7R,2.5519289226310445e-61,0.47657412,TRAPPC3,3.038047534902563e-193,0.7050836,HMGA1,1.3876167505696013e-46,0.49099177,ERN1,5.207738540008231e-39,0.56251454,CD80,0.18368226941644084,0.07491572,NARS,7.521438799331385e-193,0.72504616,ERN1,5.619070888878953e-40,1.2650895,FBLN1,2.51037545955758e-29,0.883729
ADAM9,0.0,0.67906356,WARS,5.997966378539196e-224,0.6654081,PIM1,1.248991824756402e-189,0.74528766,SPIB,2.9501302764439265e-18,1.5179025,TIGIT,2.3032952597062464e-209,2.3780684,TIGIT,3.233803649338241e-167,2.3226023,SDC4,9.72595464221847e-181,0.825569,FLNB,3.234631743091043e-309,0.55304426,TAC1,4.520219583307198e-63,1.8036927,DSC2,0.0,0.88132924,LUM,2.5787801448023816e-116,0.5193402,SFRP1,2.7647272244873e-216,0.7195129,SLC5A6,2.9663044907345065e-172,0.6139605,USP53,0.0,0.93057936,BACE2,1.995923652962009e-37,0.4642351,MMP2,1.0206104718139877e-109,0.4970136,SQLE,5.958785527746696e-120,0.5988878,JUP,7.612094822296448e-288,0.8462805,SLAMF7,8.125544928091274e-58,0.9992934,TFAP2A,1.2822830580526603e-187,0.94267285,FAM49A,7.017495617914134e-44,0.99153125,APOBEC3B,9.192674922049874e-39,1.3734694,KLRC1,0.17601480367323005,0.53887486,QARS,3.036217560656179e-175,0.7421516,ANKRD29,2.655719413877269e-32,2.4556725,PELI1,1.2504762488445542e-27,1.2198834
HDC,0.0,0.9207879,LPL,2.4035749976901782e-205,1.519193,FSTL3,5.471812394802222e-175,1.1845448,CCL20,7.724330587720849e-16,2.8413303,GLIPR1,2.742524876122155e-209,0.7550031,CXCL12,3.8865205934687346e-128,0.44642305,FCER1G,1.7972155141859908e-180,0.2716171,KLF5,4.609648710819709e-307,0.8059547,GLIPR1,2.314079746636087e-52,0.22378282,SRPK1,0.0,0.80803066,ADGRE5,3.6986879903643134e-106,0.8825736,CX3CR1,2.3736385956645233e-196,2.13284,TOP2A,2.41881380098492e-171,0.93402565,TMEM147,0.0,0.8347257,CD9,6.140398245677783e-35,0.20598541,LYZ,1.9495537739266058e-96,0.39101374,SMS,1.3434533296488456e-119,0.44249758,KLF5,7.592184876247107e-261,0.8110737,ITGAM,8.225947146673249e-57,1.556937,BACE2,1.8523740078177374e-182,1.018726,S100A4,6.368526330032167e-41,0.34136373,MDM2,7.649476096075455e-37,0.29480803,CD274,0.1553705352247541,0.24677843,DSC2,5.758352614973691e-166,0.8528126,CD8A,4.901454070470272e-30,1.5238594,AKR1C1,3.761530225184346e-27,2.0157537
RHOH,0.0,0.7968486,LUM,1.864012881852491e-189,0.4929112,FGL2,4.684100884811936e-164,0.2542473,RHOH,1.2452760089001783e-15,0.6416778,TOMM7,8.543251054795919e-209,0.30086157,CD27,1.300426132033176e-103,1.3990662,CD14,7.378209222775306e-164,0.46338993,QARS,4.26850028136702e-289,0.57299864,HOXD8,2.6192314548260137e-52,0.48365402,LARS,0.0,0.6551369,FAM49A,4.4982821608389445e-100,1.4761364,BASP1,3.2942824470652333e-171,0.525978,PCLAF,1.1048712478382964e-170,0.77227706,TCIM,0.0,0.8862005,TCEAL7,1.5103493495564197e-34,1.2572281,CD19,7.658507366137376e-93,2.4715316,ESR1,2.20727523743911e-111,1.0648093,PCLAF,2.6352421522535597e-252,1.0239425,CD1C,1.1368514274141956e-55,2.014103,TRIB1,9.490521845300865e-179,1.1762704,CD80,2.9321590161478044e-37,2.3160548,RHOH,3.097850103039298e-36,0.56862336,OPRPN,0.14616272680928397,0.2913807,SH3YL1,6.7484129010610294e-164,0.76806444,LPXN,1.1098799047807184e-29,1.1667477,ITM2C,7.932949818185788e-26,0.6975674
PCLAF,0.0,1.0078332,MYH11,2.793239575702812e-181,2.0179863,FAM49A,1.3199231480072413e-160,0.9452149,FOXP3,1.5039980507140691e-15,2.0006452,SERPINB9,4.731283816777866e-202,0.7545128,LAG3,1.4543350384817864e-100,2.411047,CCPG1,4.455539226836868e-154,0.39909565,CENPF,5.05882629373779e-260,1.166275,SFRP4,6.260817478765603e-51,0.28595698,TMEM147,0.0,0.63565564,VOPP1,1.69426728996583e-97,0.49022236,PELI1,1.2903167991545263e-164,0.9395183,JUP,8.57254699782539e-157,0.5831048,POLR2J3,0.0,0.58458775,LDHB,9.35651981137701e-28,0.15694606,DPT,3.551428499704007e-88,0.9025546,KRT5,4.718873195217337e-111,1.0024997,TRAPPC3,1.1010268239459968e-240,0.59908426,GZMB,1.762892040872552e-55,2.417356,HOOK2,3.836461920167558e-175,1.2944543,ACTG2,2.223070616466999e-35,0.2734737,FCER1G,1.1383274341938413e-28,0.39219823,C15orf48,0.11421240922281681,0.795421,ABCC11,4.33570319589183e-149,0.7895196,TUBA4A,7.944636434035581e-29,0.9476373,ADAM9,5.312438495593632e-25,0.6859803
SEC11C,0.0,0.6110496,CLDN5,7.565205120059627e-179,4.482636,PDE4A,4.1626009937692605e-148,0.8240531,CD83,8.154683080845154e-15,1.0979761,AIF1,1.3103940852224278e-188,0.68118674,APOBEC3B,5.398137558291577e-99,1.685842,VWF,6.52391092410103e-153,0.23435086,TPD52,3.3203738730527084e-249,0.492639,SNAI1,2.0550810506278346e-45,1.9520844,TRAPPC3,0.0,0.6407052,LDHB,1.4464920718041266e-84,0.4803957,LY86,1.5140265305038452e-162,2.0556793,SRPK1,1.0861806878083418e-154,0.49052855,STC1,0.0,2.376952,TOMM7,1.1574420256921903e-27,0.14208934,AIF1,4.650834092424176e-79,0.47761548,ADAM9,1.65806039949271e-92,0.4481926,TOP2A,1.4030493473959303e-225,1.0801376,ADGRE5,1.2275444679317657e-53,0.9205178,GATA3,9.663144463450276e-174,0.6576907,CD93,1.0164025667109681e-32,0.26126656,SMAP2,2.4146905327511443e-25,0.36533576,SOX18,0.10978169763674107,-0.36347723,KRT16,2.5820614343049857e-141,1.8133192,PIM1,3.983451358360286e-27,1.382825,ANKRD29,3.928522666017085e-19,1.8609545
PTRHD1,0.0,1.0704987,LGALSL,1.0727708275006665e-173,1.61441,AIF1,2.0436253320663922e-147,0.29258174,CD8A,1.0579922643146734e-11,0.46951213,ZEB2,8.68765447261299e-133,0.39838842,AIF1,4.4941110999859715e-81,0.56088626,PPARG,1.2212088482608917e-149,0.91905004,JUP,5.632469086103599e-245,0.68088955,ANGPT2,1.9193958341103375e-43,1.2251428,AGR3,0.0,1.1916598,PTGDS,1.7453972912531212e-84,0.6090711,TCF4,7.903345279068758e-152,0.5417807,STC1,1.751911781739858e-153,1.6381636,QARS,0.0,0.79961884,AGR3,1.4155786324758308e-25,0.5497236,PELI1,1.177135873482963e-67,0.8442946,DST,1.763160385691082e-92,0.3718112,CCDC6,3.4965170682842947e-218,0.55124074,MAP3K8,4.5080413862387056e-52,1.099861,DNTTIP1,5.793269910668011e-157,0.98938215,EIF4EBP1,3.263817144746638e-29,0.85686034,LAG3,1.5036392619471876e-23,1.7138402,C5orf46,0.10711597622213274,0.10401467,AGR3,1.253440598160708e-140,1.3825575,FLNB,9.966322233072353e-27,0.6561912,AKR1C3,2.5958764292717286e-18,2.4141579
OCIAD2,0.0,0.9404248,SNAI1,3.841873995706673e-159,3.0374074,PTN,8.685262836922915e-146,0.39307445,BANK1,9.172256773553775e-10,0.712196,CD68,8.159155773094683e-113,0.4529627,MMP2,3.182386692482847e-57,0.36355656,LYZ,1.6802799353095592e-141,0.1082549,SRPK1,3.191310029374358e-234,0.5697481,APOC1,2.0867210802229522e-43,0.5452002,HPX,0.0,2.6843598,ACTG2,7.727982222297623e-77,0.3355631,ADAM9,2.936415597941474e-135,0.45163086,CENPF,2.2433463535468626e-147,1.0552738,ADAM9,0.0,0.74615645,PDGFRA,2.776269009100376e-25,0.08452167,GPR183,1.3860845033269116e-58,0.3955738,NARS,7.72414321265515e-88,0.36569813,ZNF562,1.0409743559511413e-215,0.5895742,TIFA,9.053608381611619e-49,1.2614621,LYPD3,4.461596772460759e-155,0.74052566,PLD4,1.3834678331528293e-27,2.0771294,SCD,2.708375806564818e-23,0.20202607,CLECL1,0.09058083811640878,0.17030518,RTKN2,3.378203292333333e-136,1.2462411,ANGPT2,8.54735232985678e-24,2.4530854,CTTN,3.8084407424612276e-17,0.53690857
SMS,0.0,0.5446727,ADGRE5,7.37754109595658e-151,0.7118585,AKR1C3,1.2581485102688482e-133,1.7425478,PTGDS,1.860687918146506e-09,0.29607853,ADH1B,1.2173838517262197e-104,0.7768221,CCR7,3.5329415054450143e-42,0.9310511,TIMP4,2.2836770176427775e-141,2.315744,ADAM9,9.61573545332162e-227,0.4823837,MMP1,8.427372051808698e-37,2.42042,CCDC6,3.1483127446163994e-305,0.5699315,C15orf48,2.7915297013957214e-73,2.161736,ITM2C,1.0857082942675663e-108,0.36269215,ADAM9,9.693884263067712e-138,0.447608,PTRHD1,0.0,1.1862364,FSTL3,1.2135832777261223e-24,0.7973158,PDGFRA,2.636490994033707e-43,0.34192535,AQP3,3.095477152971414e-87,1.4725975,DSC2,9.292934628588964e-196,0.5995058,CD68,6.51143198157178e-48,0.53226805,FBLIM1,1.3112174779367381e-149,1.009144,BASP1,2.044610144279768e-24,0.25164106,KRT8,3.7098042860338186e-23,0.26845783,SOX17,0.08784325369104223,0.31694922,ELF3,1.545223581612373e-132,0.790892,TCF4,1.2869815148589161e-20,0.8449972,PTGDS,1.0939874862873115e-15,0.50985414
FLNB,0.0,0.4849121,ADH1B,1.2399782390862595e-122,0.9542714,ADAM9,2.7812695537967852e-123,0.32438305,GNLY,0.00047760512897887113,1.8518757,AQP3,4.6970860145010685e-101,1.5581366,ZEB1,1.907981454236523e-35,0.47694758,PECAM1,5.507009023071476e-141,0.16483633,TOP2A,5.2132691025893567e-225,0.80988073,FCGR3A,3.304829511275725e-36,0.48477846,CCND1,4.19822812905958e-283,0.6328019,PLD4,1.4002367058819043e-69,2.7051015,LDHB,5.357190175655829e-101,0.33232552,HDC,1.1496938175008552e-125,0.517896,SEC11C,0.0,0.70186037,MMP1,3.0879837923719737e-23,2.266918,CD79B,1.561798402559619e-40,2.522896,KRT6B,2.4704229153343666e-75,0.954033,DNTTIP1,1.1057392977945475e-187,0.73099333,CD69,1.0094563636803698e-43,0.88935554,USP53,3.4227283481035984e-144,0.6650061,SERPINB9,4.628990307994138e-17,0.3524935,TIGIT,3.8417327622571715e-20,1.2383598,ADIPOQ,0.07578471231953249,-0.2549073,ESR1,7.102454475895101e-131,1.4662495,PRF1,2.550611874835989e-18,2.6316278,TRAPPC3,1.747708780169779e-14,0.5821607
SEC24A,0.0,0.56028974,CRISPLD2,5.689353254667848e-113,0.6503725,CD14,2.0647838376788863e-113,0.35962963,KLRC1,0.0020190509177790998,0.9053095,FCER1G,6.210204926031761e-82,0.36656922,PECAM1,5.708574656393469e-35,0.22835527,AIF1,1.2883508722561235e-131,0.22122245,HDC,2.692555170526641e-224,0.71116376,S100A4,5.148966409591786e-36,0.115042545,DNTTIP1,2.5216784461097378e-259,0.78767294,APOC1,1.601600152874404e-64,1.1306307,LPXN,2.681536748916306e-98,0.47678092,TUBB2B,3.504767588708061e-98,0.8839346,LARS,0.0,0.678718,CTTN,6.381748303695798e-20,0.17480282,PDE4A,2.6982178946235833e-40,0.8129063,NOSTRIN,2.4582616505546605e-72,0.9021909,CEACAM8,1.041483866225168e-186,2.1074681,IL3RA,3.2743246891012344e-43,2.177547,RTKN2,2.8834177115289823e-142,1.2492052,PELI1,1.313796881497743e-16,0.4446252,GZMB,9.262635024432814e-20,1.4173212,CCL8,0.06893180513850879,0.29336455,C6orf132,5.247811667549873e-116,1.3090543,HOXD9,8.832685948492799e-18,2.22287,SFRP1,1.0651938275302526e-12,0.4625708
JUP,0.0,0.6488952,CCDC80,6.672588822536958e-113,0.22155647,LYZ,3.335851480536498e-106,0.044663515,CD274,0.0038690214418365615,1.1070173,ZEB1,8.17367661008144e-79,0.52323234,POLR2J3,8.35634854549012e-35,0.10152223,HOXD8,5.168201948361933e-131,0.5552848,OCIAD2,8.881722043710105e-203,0.73179305,RAB30,5.993029033571734e-35,0.44888556,TRAF4,7.608157336334987e-258,0.6246446,CLECL1,5.498571859831173e-63,2.2438507,PDGFRB,1.8712353589042798e-97,0.2716681,OCIAD2,3.6486788455122044e-96,0.50723225,S100A14,0.0,0.666292,CCPG1,1.2236546881466599e-15,0.18843031,CD68,1.3260233851882261e-39,0.24922146,TRAPPC3,5.475975959859732e-72,0.3995651,SQLE,1.5160663850167937e-183,0.5994118,TCL1A,1.4977964448217657e-36,4.237752,CCDC6,7.295369021755303e-125,0.5019187,CD9,1.8912371231301642e-15,0.15594283,FCGR3A,1.5340729358277849e-19,0.7036062,CD19,0.05450337190993507,-0.9442233,ZNF562,1.703086288512869e-112,0.60943544,BACE2,1.2492021974877941e-17,1.0866882,FOXC2,4.152299379106489e-12,2.5100176
C6orf132,0.0,1.2640553,ENAH,2.307252910784872e-106,0.34678802,GLIPR1,1.9502255279220947e-86,0.1621593,AIF1,0.00727787583788984,0.29145312,PDGFRB,6.70661178902896e-73,0.3152489,SELL,2.0927809446215943e-28,0.64364,CPA3,3.7123163074088257e-125,2.693357,KARS,1.3154549578187701e-202,0.65930766,SEC24A,1.55337501870725e-32,0.25222564,PCLAF,2.4774227418453292e-180,0.7791493,SELL,1.4662738164899683e-49,0.6556443,FCER1A,1.3700928630439223e-96,1.7528124,EIF4EBP1,9.518713115392872e-93,0.7603842,TACSTD2,0.0,0.54723847,APOC1,3.3626475342901656e-14,0.29223582,C1QA,1.7110927549344899e-37,0.560545,DMKN,1.0674982366662432e-69,1.1129502,HDC,2.844030491419125e-156,0.5819996,TCF7,7.997884481329217e-34,1.0657829,MAP3K8,4.769718661627516e-109,0.97004443,WARS,1.580873150140826e-14,0.32607538,NARS,8.877028091542409e-18,0.21769316,SNAI1,0.043747823833473615,-0.11203054,TRAF4,2.480473401051516e-108,0.6311873,CAVIN2,3.011580785539071e-17,2.1220102,CD9,7.209796421469128e-12,0.45934963
CENPF,0.0,0.92782056,MMP2,7.1740080233293726e-99,0.20575954,FCER1G,2.593370226751163e-78,0.06862552,PDCD1,0.012105704383802285,2.9276736,TUBA4A,1.0890761487713632e-69,0.50015724,GZMB,2.454158151835823e-28,1.3835309,BASP1,2.264608966239067e-121,0.30075935,C6orf132,5.895149643751655e-196,1.1138028,EDNRB,3.218227170512815e-30,0.50245196,TOP2A,2.2122832084234797e-178,0.802831,PDCD1LG2,1.2853595225703146e-42,2.0409172,DSC2,8.067770672243759e-88,0.52538425,TCIM,4.469725551397712e-90,0.2874855,DST,2.6460606515950306e-284,0.5184243,ANKRD29,4.5199772244184307e-13,0.59509945,FAM49A,1.8679248430464103e-36,0.85213184,TFAP2A,1.51294776250253e-61,0.3931051,VOPP1,3.349044443296628e-156,0.4306938,APOBEC3B,4.109645510259737e-28,1.4136678,S100A14,3.502184823243875e-100,0.44721636,TRIB1,6.339382066894576e-14,0.39410043,CD68,9.74170654031755e-18,0.33484286,FOXP3,0.032230220323432326,-0.045421965,SEC24A,3.76862794595449e-106,0.57429653,KLRD1,5.399040278638135e-17,2.0758576,ADH1B,7.48053910321885e-12,0.70534605
TOP2A,0.0,0.5744671,AKR1C3,7.490223325884369e-90,1.8366767,ADIPOQ,5.637977716169179e-74,1.891499,NKG7,0.08128810761381977,0.69891936,PDK4,3.64058087751753e-67,0.29546246,FGL2,9.228545541104902e-24,0.27309716,TCEAL7,1.3993468704345662e-115,1.4660171,SEC24A,6.638431950913857e-182,0.44980302,PELI1,2.2298949434767826e-29,0.39933264,OCIAD2,3.9305195261369333e-177,0.6616056,CXCL12,3.957739093900108e-42,0.2069357,ADGRE5,2.2250620524097682e-82,0.4652101,ABCC11,3.291352688381874e-88,0.3221185,OCIAD2,5.551476470897953e-260,0.8504008,TIFA,1.786356023443479e-11,0.37607044,TMEM147,1.1230536395654166e-33,0.30453748,KRT16,5.2458230100107465e-48,1.0907538,ABCC11,5.178623930012175e-147,0.3990692,DERL3,4.290757962550882e-28,2.1241665,C6orf132,3.218495884758481e-88,1.2112921,DNTTIP1,5.466427711465391e-13,0.38705418,TOMM7,1.9037170676495455e-17,0.12751421,KIT,0.02982370360853702,0.73469526,CCDC6,4.1967210415678025e-105,0.5426464,CTLA4,7.884478048545548e-16,1.6807753,MDM2,1.0685755422659306e-11,0.4363827
STC1,0.0,1.6777937,PDE4A,4.655903641268896e-87,0.87295014,C1QC,7.868063017193388e-69,0.16937126,KLRD1,0.18386020200938893,0.6002178,C1QA,1.210820277526167e-63,0.6739097,LTB,8.933081014785026e-19,0.7062909,RAB30,3.5473809475097847e-115,0.59209806,SEC11C,5.714386742827955e-175,0.36377335,FAM107B,2.0622487800894579e-22,0.11167687,CTTN,1.0064161599790203e-163,0.43981928,CLEC9A,2.1234284439190458e-38,3.46051,PDCD1LG2,4.926146253388836e-71,1.9137975,CEACAM8,3.435606738792535e-78,1.6354756,EIF4EBP1,1.1384376836915938e-245,1.1696528,MMRN2,1.9109205691439658e-10,0.2709801,ADH1B,1.2568041436336748e-31,0.38247594,SEC24A,1.2255240361234697e-46,0.27582386,DUSP5,2.5859617817510927e-127,0.50441414,AIF1,9.446706111811754e-26,0.47217917,S100A8,3.1874528292196022e-81,3.555234,S100A8,1.438548266874169e-12,1.7289759,CCR7,3.4092873155086036e-17,0.6542329,TNFRSF17,0.019605068501768824,-0.63905054,LARS,2.5882421423751086e-104,0.5512177,WARS,4.270606572176749e-15,0.83278656,EDN1,1.396585186251154e-11,2.8547928
SRPK1,0.0,0.44636083,AKR1C1,7.846766092894644e-85,1.1800045,ACTA2,1.0312578754613465e-66,0.09287732,CD8B,0.23964167206838402,0.53934336,FOXP3,9.205261956864909e-63,2.4518828,FCER1G,1.1358002106609278e-18,0.22145133,C1QC,1.1773834580473984e-110,0.26240867,S100A14,1.0137745353118194e-142,0.3889783,DUSP5,7.491750227547669e-22,0.3081779,HDC,6.035837998132559e-144,0.46727967,TCF4,4.5846357234348536e-32,0.39454818,S100A4,5.495351071365149e-62,0.1949149,BACE2,5.736539989543511e-62,0.3384466,SDC4,2.3583762781246292e-244,0.92328995,TRIB1,1.248547065654343e-09,0.27542704,FCER1G,1.7184120366165698e-31,0.19823353,CXCL16,1.1084021191504195e-39,0.32102856,CTTN,3.3243446127368064e-92,0.39266288,KLRB1,1.5432047547468426e-25,0.58817625,CTTN,6.404229375640606e-77,0.38892898,CLECL1,9.27825500828556e-12,1.1248572,LTB,7.843334396019616e-16,0.67923516,PGR,0.014139818901426527,-0.26399726,CEACAM8,1.3386699477666964e-101,2.1532056,HOXD8,5.853654641802944e-13,1.0300366,ALDH1A3,2.6097196696190723e-11,1.2076167
DMKN,1.5356913714189428e-304,1.3538924,S100A4,9.662483512927407e-79,0.32666817,ANKRD28,3.152481454791629e-65,0.4683846,GZMK,0.326033813658871,1.4937452,LRRC15,1.146984294131637e-52,0.96589345,LRRC15,4.5478191738317794e-17,0.7368219,LRRC15,1.5631025118840243e-103,0.91010547,SDC4,2.2378075802275926e-137,0.65452015,PTGDS,2.2223846639398984e-21,0.02799256,TCIM,2.6709059684787507e-132,0.29288793,CD80,6.382534832831015e-23,2.037196,CCL8,1.5354897493456561e-56,1.9497591,CXCL16,1.0066652149863957e-61,0.28541526,HDC,1.453770990822019e-229,0.68761945,POSTN,2.2027312519047677e-09,0.008016271,MRC1,3.884689865968518e-25,0.30150715,FSTL3,3.733212999093048e-33,0.6104631,TRAF4,1.2556353942321064e-88,0.333833,FGL2,1.3392056267532973e-24,0.40340447,TCF7,1.136823123150368e-71,0.6644597,PDCD1LG2,1.4390574240587383e-11,1.0940852,POLR2J3,6.295732407460017e-15,0.12917888,DERL3,0.01380173611687415,-1.1687468,TRAPPC3,2.483969145357046e-101,0.5389647,PDK4,1.7745017999418582e-11,0.4163694,TUBA4A,1.8898784475181612e-10,0.5644765
CLDN4,1.876428923164267e-251,0.46191803,PTGDS,2.0962889733094136e-73,0.2952429,TIMP4,5.4862881692927e-62,1.440846,LILRA4,0.37885938072285746,0.64984787,ITM2C,7.70464907802015e-52,0.32004827,GNLY,9.077850034681018e-16,2.691021,TPSAB1,9.616108655354352e-101,1.8486484,DMKN,1.2967246831964024e-131,1.1705184,CDC42EP1,1.6819500435807312e-20,0.7494481,ESR1,9.174900814494085e-124,0.85052174,BANK1,1.1011457922233145e-20,0.65704626,MEDAG,1.5462915491360628e-40,0.7990853,RHOH,2.606204398225111e-61,0.28221488,SEC24A,4.0787525198142835e-197,0.4871039,CCDC6,2.4539150338581723e-09,0.10714904,GLIPR1,2.9656220124657727e-24,0.22535495,C15orf48,4.6399865005310436e-30,0.9537741,HPX,2.731123093577666e-77,1.7297522,SLAMF1,1.9064099256364418e-23,0.9479047,OCIAD2,3.7761518427951957e-62,0.62835485,LILRA4,5.50733571718906e-10,1.3510264,CD27,6.936867058190944e-15,0.61347926,FOXC2,0.010878974894484236,-0.11554664,SDC4,1.675614393606827e-95,0.85838526,NKG7,7.917918099023921e-11,2.4063063,FGL2,7.917894415582814e-10,0.24623822
KARS,7.136695744224377e-236,0.4972742,TRAPPC3,1.4471242158061125e-72,0.35708478,RAB30,7.453989255557537e-57,0.40874985,CD80,0.472225433442819,0.71312135,IL2RA,1.6849342890546923e-48,1.4356205,DPT,1.8177208290613575e-13,0.46002415,AKR1C3,6.613407225300927e-96,1.6356133,STC1,1.268143952638867e-123,1.2709006,TRAPPC3,2.0967844642546657e-19,0.18144763,HMGA1,1.131103839172729e-109,0.29882184,TPSAB1,9.616754722514328e-16,1.1735516,CD1C,2.3084469896542497e-37,1.2298601,USP53,1.8520704124134593e-60,0.22219613,KARS,2.2291756569195456e-188,0.6416,CXCL16,9.503805923357672e-07,0.21691994,CD163,4.8972547144634864e-23,0.27233496,EGFR,2.001117421731979e-27,0.1630065,DST,5.217174239674667e-75,0.2633682,RAB30,5.695674543036598e-23,1.0055047,LIF,2.9044648634742183e-55,2.9740202,PIM1,1.5656117467528085e-09,0.40818405,ITM2C,1.185353758741143e-14,0.24076028,AVPR1A,0.00789488763723773,-0.43110886,TMEM147,1.4483377904013326e-93,0.5111603,ZEB1,4.474198337020771e-10,0.6653645,KARS,2.0317844613208414e-09,0.6073728
SDC4,1.3891840478312554e-234,0.63728833,STC1,5.464679911306356e-54,1.6400493,IL2RA,5.723606277640454e-56,0.9682584,CD79B,0.5577604918696225,0.6540227,FGL2,2.97924939023527e-46,0.22555113,SFRP4,2.318089759636241e-13,0.26406184,FAM49A,7.498436732762954e-95,0.7228396,MKI67,4.599603899551623e-109,0.8503327,KRT14,2.751755571358767e-16,0.22981428,SQLE,1.850947149850557e-103,0.35201845,PDE4A,2.866985307882644e-14,0.6732242,LPL,1.7260004566295562e-33,0.73099697,KRT14,3.0646005578935885e-57,0.35989317,JUP,2.668538249721776e-162,0.54936,OPRPN,0.0007326286491034833,1.1585772,C1QC,1.3379155848258312e-21,0.31166312,RORC,1.2899238684944432e-25,0.90311646,TUBB2B,1.4547186918113805e-73,0.7424185,S100A4,1.6797032262648593e-21,0.35295266,EDN1,1.662914090536169e-53,1.9982998,MDM2,3.0162999030189937e-09,0.1284763,DUSP2,1.2630660516520748e-13,1.1869776,CTH,0.00789488763723773,-0.8025462,SRPK1,1.650949019442519e-85,0.53249836,GLIPR1,1.5319482012525662e-09,0.61965084,LIF,3.3858231112170157e-09,3.019779
HOOK2,1.8361033998601294e-137,0.5180914,FOXC2,9.595643785402141e-53,1.9672003,DST,6.273280093945988e-53,0.15451768,IL2RA,0.6604766167913301,0.73644704,MRC1,1.989349515384291e-45,0.36045882,MNDA,4.627181030780918e-08,0.3939657,KIT,1.9864417579474475e-93,1.4871334,DST,3.648726810981054e-102,0.25833216,AVPR1A,6.643434085978413e-16,1.2830456,TRIB1,1.697918953179027e-98,0.45807981,SPIB,6.272919186680505e-14,1.2014108,ZEB1,2.513309290670115e-32,0.16983482,MDM2,4.790201820807287e-51,0.23594202,C6orf132,1.564069207432698e-151,1.0159243,KIT,0.0009464151758005043,0.361119,PDK4,1.0720659901179637e-19,0.1236952,KRT23,3.65637357026525e-25,0.65702903,SCGB2A1,3.25712964921184e-66,3.305939,ITGAX,1.4133648307579247e-17,0.7853955,C15orf48,1.6061419181115306e-51,1.6005793,DSC2,9.10666075454091e-08,0.21142124,SLAMF7,2.645441411691428e-13,0.22524545,REXO4,0.0074629441564092,-0.15626873,HPX,1.1404872287379812e-79,2.1661935,KLRC1,8.050738543839335e-09,1.7726699,CTLA4,6.324542434415895e-08,0.9467361
RAPGEF3,3.515518136077355e-119,0.886787,PRDM1,2.312479672328907e-47,0.2360972,GZMB,1.6471422396370524e-52,0.9357631,TIFA,0.6914158499628159,0.63769686,CD163,3.332756658043017e-45,0.3669658,GZMK,3.784292981370229e-07,2.745827,GZMB,9.569091444168982e-81,1.2611918,TRIB1,2.1126547594758317e-91,0.4394614,CD68,1.4253139606263122e-14,-0.043576226,KRT15,2.3137506803634458e-92,0.42866656,CD274,1.236852043966566e-10,1.3901033,ADIPOQ,5.2412261204320375e-30,1.4633145,QARS,2.3151977145117736e-47,0.20046689,ANKRD28,1.0383099738029514e-147,0.66654414,MYBPC1,0.004702619263137902,2.078475,ZEB1,6.623825061997798e-19,0.2040495,KLF5,3.699990054554145e-25,0.2136675,HMGA1,1.966934049763599e-58,0.19857968,FCER1G,2.9658711216588818e-15,0.3112637,SRPK1,1.2961658770354071e-47,0.38070327,CD274,1.602357678981743e-07,1.0101734,OCIAD2,1.083477787014449e-12,0.57406735,EDN1,0.005034118822600607,-0.79139006,DNTTIP1,2.601015699233788e-78,0.6340377,EDNRB,3.3362245193271246e-08,1.092377,C1QA,6.331309270484789e-08,0.5724173
SLC25A37,1.770841775866268e-111,0.4075103,CTTN,6.387329472854467e-47,0.19434717,CCL8,1.785165363619864e-49,1.5166702,TCL1A,0.9641869837242164,0.48097047,PRF1,1.045267115439367e-41,1.3250079,MS4A1,1.3267249816449502e-06,0.14208278,BACE2,1.8776433527849334e-72,0.31931505,RAPGEF3,5.83790661321292e-83,0.97338676,MEDAG,8.013423642218855e-14,0.4734195,CDC42EP1,1.3644585409215937e-90,0.9832647,CCDC80,1.2124796348558189e-07,0.0019533054,TRIB1,2.4095992213915472e-29,0.39301044,RTKN2,1.861402726461967e-45,0.39965853,FLNB,4.590368765522347e-143,0.3672391,ZNF562,0.011487789834665014,0.082744196,S100A4,7.075607528310675e-18,0.09449316,SH3YL1,1.7972416522099687e-22,0.1734948,KARS,2.8145964218843096e-52,0.27131608,MNDA,3.1595907126681164e-13,0.6720846,MYLK,3.8903429876502995e-40,0.19694102,IL2RA,4.3355520190134526e-07,0.76392055,SMS,1.2347142378996433e-12,0.23894836,TAC1,0.004178076656073548,0.21266894,HOXD8,1.2185715394048718e-76,0.6730798,TIGIT,3.8624804869245e-08,1.6799968,CCPG1,6.982611218806698e-08,0.38830796
VOPP1,2.170675416118046e-99,0.16307105,TIMP4,3.465553615797285e-44,1.6030575,HOXD8,4.3441888203264985e-36,0.25102434,CLEC9A,0.9702921941483305,0.43435815,C1QC,1.317146051370068e-34,0.3841202,FBLN1,7.818137057955814e-06,0.09719995,FBLIM1,2.3118372676233602e-69,0.37232706,CLDN4,1.7926874471612028e-82,0.29263765,RAMP2,3.2278147605299467e-13,0.16838542,ADAM9,1.015828795623671e-86,0.2768027,S100A8,2.4690138611495497e-05,1.5733396,GZMB,1.1199139879727252e-25,0.95125055,HMGA1,6.020126361865249e-45,0.15526527,HOOK2,1.6952507935745545e-112,0.6543412,CD274,0.026249781398956642,0.35626924,FAM107B,2.310777322812419e-16,0.17416249,MYLK,1.624655295310843e-19,0.12810585,TUBA4A,3.551407061580705e-49,0.13533473,TNFRSF17,6.863883451785946e-12,1.6351073,DMKN,6.165977985153213e-36,1.0474254,PDE4A,7.433481736026253e-07,0.30339998,ACTG2,1.8081585765238133e-10,0.16821174,PDCD1LG2,0.004015283277472674,-0.4227401,OXTR,4.197274755606053e-54,1.631415,CD27,4.348673634670972e-08,1.0909303,DPT,7.296768079249374e-08,0.6441421
EIF4EBP1,1.939623666478442e-94,0.49681285,NDUFA4L2,9.80928486603295e-33,3.5497837,AQP1,8.919711198671902e-35,-0.035215735,AHSP,0.9990198111659929,0.70564073,APOBEC3B,8.73185533367962e-33,0.9814509,PDE4A,2.6535088241021853e-05,0.53691226,ESR1,1.930670601728992e-67,0.47815278,APOC1,2.671157512853793e-69,0.6022288,ACTG2,4.839443132624245e-13,0.08787766,TUBB2B,1.2238030161391459e-85,0.75811166,RUNX1,7.695940845918249e-05,0.1210953,EDNRB,3.438492213697039e-22,0.29948682,TRIB1,1.4072547152757528e-40,0.2522845,CLDN4,3.029602048021396e-110,0.39682534,AQP3,0.03781694152514975,0.11450208,TUBA4A,3.2314671855739644e-14,0.26609802,CLCA2,7.284154812474726e-19,2.152635,MKI67,3.493706135667689e-45,0.544813,DUSP5,1.5645540619086083e-10,1.06322,ERBB2,1.992014796736923e-31,0.3540469,SMAP2,6.271597684250572e-06,0.05382443,HAVCR2,1.3285557841201327e-08,0.4385009,SPIB,0.0033252789455194736,-0.74084044,HDC,4.0611844119015245e-53,0.42949805,CD8B,5.372704740609862e-08,1.3405732,PDE4A,1.2699774090149544e-07,0.80720055
MKI67,3.6077514342137927e-82,0.47145686,ALDH1A3,4.1880498430584796e-26,0.58705837,CD8B,9.279653187480176e-28,0.0943281,NCAM1,0.9565532021310166,0.81020695,BASP1,3.985984473321747e-23,0.22349666,IGSF6,5.159457077203501e-05,0.25903568,IL2RA,1.768370544964465e-58,1.092783,EIF4EBP1,3.553094637875526e-63,0.5450406,C5orf46,2.8544219932808113e-12,1.19127,HOXD8,2.2643847231982647e-79,0.30591527,CCL5,0.0010217502632687238,-0.085405886,TPSAB1,3.9920266783507626e-20,0.9972857,SH3YL1,3.8929749130378027e-31,0.13122338,DMKN,1.1006110199569329e-104,1.0553448,DNTTIP1,0.06189822252079561,0.14105037,APOBEC3B,2.6584722382133547e-11,0.61099774,DAPK3,4.768006836251233e-18,0.6198803,CDC42EP1,1.933158170858713e-37,0.6819171,FCER1A,2.8056746920287273e-06,0.8203037,EIF4EBP1,7.378639840628533e-27,0.63929427,LDHB,0.00017269413131365218,0.0049097664,IGSF6,3.290919330745376e-08,0.2933718,TIGIT,0.002739036735041287,-0.2767939,SQLE,9.200125288497729e-42,0.33090815,AQP3,3.4687116361272834e-06,1.3299521,SLC25A37,2.0469503140518904e-07,0.8155261
TRIB1,8.581099873400687e-61,0.20323794,CDC42EP1,1.083252381781079e-25,0.87251586,SERPINB9,2.2142572516880095e-26,0.09557993,CLECL1,0.9386508519321743,0.48176232,IGSF6,3.401638843549444e-22,0.3380147,PDGFRA,0.001682355462971814,0.060426112,MYH11,7.676146835846859e-58,0.39129198,THAP2,2.927394272485211e-60,0.5499037,TMEM147,1.3694665948639406e-09,0.113858506,SERPINA3,1.422413038466007e-47,-0.106542945,LILRA4,0.002500245109454981,0.9580134,APOC1,5.40563617442046e-20,0.25106686,DST,1.410736337855855e-30,0.14818735,TOMM7,1.6045713206025556e-90,0.26485854,LGALSL,0.08489083706208407,0.2276584,CD14,9.195862826523751e-11,0.22216657,RUNX1,9.449507834167715e-15,0.07954079,OCIAD2,6.988135483183368e-37,0.19504653,CD274,5.902797400759886e-05,1.4428737,ZNF562,5.0593088922102663e-26,0.26577666,PCLAF,0.0015529019818755756,0.10810604,PCLAF,6.692421559804404e-08,0.37089163,TIMP4,0.002469867116866204,-0.112379454,VOPP1,2.182876291421917e-37,0.2718724,CXCL12,4.760828441241769e-06,0.21961306,PDGFRB,4.973051555479975e-07,0.2821063
HPX,5.949143359662338e-57,1.2311366,ANKRD28,1.3616075391014997e-23,0.5010903,GJB2,5.838845264136264e-19,0.4206501,CRHBP,0.9326768240972605,-0.6775736,DUSP2,9.52398265302134e-18,1.0397589,KLRF1,0.00700602930845787,1.3072011,FCER1A,2.4631023634545423e-56,0.74847615,WARS,2.1385627142122306e-57,0.15086009,DERL3,3.808784813430277e-09,0.88864243,AQP3,6.730364495994906e-43,0.5680804,KIT,0.03976792069353201,0.4123363,PDE4A,3.176035910634385e-19,0.35024354,KRT5,2.593017645445975e-23,0.14335084,TIFA,5.187705711893545e-78,0.42426082,PIGR,0.12816548017920665,0.69881463,ZEB2,1.10771821083744e-09,0.028819863,HDC,3.2353777218354e-12,0.12503795,DAPK3,2.149412137680571e-34,0.726605,IGSF6,0.00014049961192192135,0.37632802,TIFA,7.849798468211815e-22,0.41538396,TOP2A,0.002163656536652518,0.19988543,AQP3,6.214116709337941e-07,0.67004204,CD1C,0.002415108347766868,-0.24211256,TUBB2B,1.93974933857326e-36,0.7233797,PTGDS,5.467013628324215e-06,0.33900174,ADGRE5,6.082859576886863e-06,0.3487977
TUBB2B,7.351831445455346e-53,0.40033513,RAB30,2.298829788510912e-23,0.4179896,CPA3,1.6611945876731362e-16,0.90502524,UCP1,0.8669043360208959,0.23635444,CRISPLD2,2.6823852118155025e-17,0.30887228,IGF1,0.01678657049615335,0.05437956,MYLK,1.0706584105028764e-51,-0.15246364,HOOK2,8.434756162339503e-42,0.35230982,FOXC2,4.143756519089277e-09,0.9084045,TUBA4A,6.657980216490005e-42,0.07534568,GJB2,0.07720499059301522,0.276557,CPA3,8.262697146021657e-16,1.3071982,LARS,6.4083983498137e-21,0.10608175,SLC25A37,1.8709662140181215e-76,0.47141153,LIF,0.457026175667044,0.19412076,IGSF6,1.8598907172353643e-09,0.16470647,SRPK1,6.129849970539883e-11,0.0740844,CENPF,9.657561715396105e-32,0.2882074,C1QA,0.00014056167943442567,0.41315407,AKR1C1,8.434503380985138e-22,0.87670606,CCL8,0.002470203944027634,1.1151928,CCDC6,1.35789900718977e-06,0.16099395,NKG7,0.0015210018040505509,-0.94629353,PCLAF,8.21445830899088e-36,0.51552397,PPARG,5.638504983843103e-06,0.90985173,LPL,7.51155541688448e-06,0.73200893
THAP2,1.3241439819293883e-49,0.3464464,MEDAG,6.726622603134093e-23,0.7360716,PDCD1LG2,3.2766731781790786e-15,0.6961509,MPO,0.8537857833518591,-0.023651395,GZMB,1.5086789175334154e-15,0.93822163,GJB2,0.01739262137848844,0.4737077,CTSG,3.420494408711459e-51,3.0186741,DAPK3,9.849451160551584e-41,0.7237142,AIF1,7.437238886194442e-09,-0.04297416,KRT23,7.885906066700747e-40,0.5206004,CD8A,0.1671262238681043,-0.16374291,CXCR4,1.1927542410598657e-15,-0.07251129,KRT15,1.1756047400311256e-17,-0.1559173,BASP1,9.408287976220153e-60,0.13695005,ZEB1,0.47875907146766655,-0.029662464,CLECL1,1.7129510607547991e-07,0.92814374,MAP3K8,2.3806709694430666e-10,0.026013453,ANKRD28,1.7508327236586264e-28,0.18733187,DPT,0.0021857816422129746,0.422676,SCGB2A1,1.1697907520391065e-19,3.150823,KRT7,0.0026738289554622562,0.15739094,SRPK1,1.6926901654991513e-06,0.28980696,PRF1,0.0006347649880246693,-0.74653584,OCIAD2,1.1242419881363276e-33,0.36457118,EDN1,1.7575480291999748e-05,2.0074809,GZMB,2.7947395286646157e-05,1.2703224
RORC,1.6648670344815515e-48,0.73403996,PCOLCE,6.778917284440283e-21,0.80639833,MYLK,2.399078706529829e-14,-0.15653329,APOBEC3A,0.8402066618183728,0.48163888,FCER1A,1.0090762246084472e-13,0.63629675,CD68,0.018566904956960856,0.051575743,KRT15,1.927474296165027e-48,0.022741368,ESR1,1.27179035732975e-31,0.25473043,DAPK3,3.247243126203656e-08,0.537682,KARS,2.393215545005317e-33,0.14446434,LTB,0.2144376721344228,0.062046394,PPARG,2.060961620622971e-15,0.2682459,RORC,8.251024244201314e-16,0.59983,THAP2,1.3034487993076311e-54,0.5055211,DNAAF1,0.540407317761599,0.5585256,SFRP1,2.3596662426252767e-07,0.068698995,DUSP5,4.625524280394872e-08,0.0011962767,TRIB1,1.0600798712744272e-25,0.12230814,FBLN1,0.003836535972433058,0.15604438,TUBA4A,8.124755637607434e-19,0.15296112,OPRPN,0.006096098521589723,0.6936886,AIF1,8.268003909616936e-06,0.11290003,EGFL7,0.0005706333130889545,-1.0203412,DUSP5,1.3053975355013424e-28,0.24965627,ADH1B,3.357856859035346e-05,0.58069444,MAP3K8,3.183992224859292e-05,0.52968335
LGALSL,1.2855948400137305e-44,0.3557392,FAM49A,4.7281182711329206e-18,0.43051055,ENAH,3.705448923087377e-13,0.06890854,CSF3,0.6749139024717156,0.28044182,PDE4A,1.4550197931269054e-13,0.54917085,CD274,0.01875424701465825,0.7539573,PDE4A,1.0976912664249893e-46,0.37324205,ACTA2,5.020901206421416e-28,-0.0185475,DNTTIP1,8.798108216648637e-08,0.19672406,RAB30,6.361922245774189e-33,0.12187422,KLRF1,0.24240616369390308,0.55838907,CLECL1,8.632737604595542e-15,0.9073564,DAPK3,1.2982850466221392e-15,0.47308046,OXTR,1.71302922532656e-45,0.8452542,ELF5,0.5739321913817047,0.3176712,CTH,4.7455033303124817e-07,1.3780042,CPA3,1.495308143566207e-07,0.27144527,SEC11C,1.483508956679414e-24,-0.06679195,PECAM1,0.004579953548338812,0.06702351,RUNX1,6.199629464836174e-14,0.15349914,MMP1,0.006360958281127162,1.4230933,TPD52,3.25848485933173e-05,0.10321864,LY86,0.0002899642819821375,-0.38753992,TOP2A,6.32218249177308e-26,0.5388935,GNLY,0.00010602975390214129,3.0946827,PDGFRA,3.54402414140612e-05,0.21165714
NPM3,6.126644782927689e-33,0.6415391,SSTR2,7.515907548474418e-18,2.4729328,CTTN,1.2409918824064274e-12,0.10767378,PDCD1LG2,0.6600945351726039,0.5744925,CCL20,1.1777118078471438e-11,2.0889747,CLEC9A,0.11272915446498198,0.79320806,RUNX1,3.9586626404544193e-45,0.16049957,LGALSL,3.320962303293511e-27,0.36475208,FCER1G,9.214099146904399e-08,-0.09171401,SEC11C,1.4976195828999325e-32,-0.026286101,ITM2C,0.29181401326259054,0.047757976,LRRC15,6.651774893162554e-14,0.3237416,ACTG2,2.4011192797908935e-15,0.088503405,VOPP1,1.7147403224883672e-45,0.16329856,MUC6,0.687507897107776,0.9124031,MDM2,2.4755476511145303e-06,0.113496885,EDN1,2.8985720449269455e-07,0.51639396,FSTL3,1.1556321053132885e-21,0.29326418,CD3E,0.005116286934950405,-0.034085833,MYBPC1,1.7847075668639722e-13,3.732928,MKI67,0.006385916828288122,0.31196803,SELL,8.131934282236818e-05,0.1598376,KRT16,0.00026307967498974774,-0.0021963515,MDM2,1.9001279284487603e-22,0.26152077,FBLIM1,0.0015102346933769059,0.68925774,ZNF562,4.3235838015266604e-05,0.37051025
WARS,4.0405540510573183e-29,-0.033795375,DAPK3,6.33301341458461e-13,0.75627565,CLIC6,6.9427508056499874e-12,1.3206406,MUC6,0.6394261620807635,-0.22399567,SFRP1,1.164166890280439e-10,0.097802036,FCGR3A,0.136957015132004,0.18337019,LEP,6.570576406394831e-43,3.6640108,RTKN2,1.4165024283588833e-26,0.1297279,IGSF6,1.561123010754702e-07,0.015721988,ANKRD28,4.084383304699013e-29,0.15123047,CCL8,0.29509234456374617,0.46722543,CRISPLD2,7.656261120121074e-14,0.0541506,NOSTRIN,3.334693003911636e-14,0.080913946,NPM3,4.413926360053979e-37,0.88461494,S100A8,0.71499286055162,0.12461168,PTPRC,1.0384530403712329e-05,-0.2090972,KLRF1,3.3292250908649783e-07,0.51735514,TIFA,8.467911634387383e-21,0.050560147,SFRP4,0.006216192581107111,0.18249643,RORC,1.9132165438847954e-13,0.8576826,PTRHD1,0.031089281818355456,0.19221498,CCL20,0.00013568912904060097,1.8806869,MS4A1,0.00011413376986935802,-1.1257048,CDC42EP1,2.866794350122783e-21,0.69783795,SOX18,0.0019513561858051334,2.1205976,LYZ,6.462379001419917e-05,-0.02567747
C2orf42,6.3808641787448405e-24,0.36076254,ACTG2,1.344191163025849e-09,0.110052556,TOMM7,6.856809630427756e-10,0.0689017,CYP1A1,0.6376260563087189,-0.330814,RHOH,1.484545815762358e-10,0.28017372,PDCD1,0.23806886360864507,1.7015978,CD93,1.310864719285513e-40,-0.21996172,ACTG2,1.3408389254020316e-24,0.09650878,PGR,2.2319854897588202e-07,0.8467121,KLRF1,9.714473199128902e-24,0.79926217,APOBEC3A,0.6303533475265658,0.981624,CD83,9.961958927434106e-14,0.4322077,MKI67,9.966280613296319e-14,0.26358235,C2orf42,1.0474713093854077e-35,0.6250201,EDN1,0.7814021333685395,-0.24233456,LRRC15,3.413539631054259e-05,0.22844863,RTKN2,4.1364439941230653e-07,0.11305986,KLRF1,6.962993040173222e-17,0.66552716,ACTG2,0.007220870776630267,0.12602355,NARS,2.5983297858534895e-13,0.15548678,ERBB2,0.05170246768247811,0.17158723,MKI67,0.00022695299094552493,0.45179635,RORC,0.00010177665392921405,0.25938925,CTTN,2.4075478567735123e-19,0.2675629,SOX17,0.0021932208532844623,1.4776236,POLR2J3,0.00023478333092561587,0.2169334
DSC2,1.1571600980649427e-23,-0.07356027,TCF15,4.75290709567966e-09,3.4128842,APOC1,6.672069250444051e-09,-0.17568293,RORC,0.6293173389662897,0.8815221,CD8A,5.020780229944079e-10,-0.04169088,NCAM1,0.25427511960571725,1.0562522,PGR,1.3526139965748543e-40,1.4397923,TUBB2B,3.8218659321485246e-24,0.33118597,TIMP4,2.274605391150879e-07,0.64063984,DAPK3,6.877957714617621e-23,0.5507168,LRRC15,0.6303533475265658,0.12473821,VWF,4.2422076725611924e-09,-0.27993494,DUSP5,4.3240724788716917e-13,-0.053817596,WARS,1.092226155524446e-31,0.023287112,TPD52,0.8013958022202814,-0.033107728,CD86,0.0002616170088225331,0.1512084,LGALSL,1.669493204023876e-06,0.14810583,DMKN,7.803130775977708e-16,0.38851944,CD163,0.0076977089879045795,0.21113102,AQP3,7.93460948663843e-13,0.65934354,KARS,0.07302266056669103,0.15439117,TOP2A,0.0014226367159516228,0.25916106,BANK1,7.698240351101265e-05,-0.67654026,PTRHD1,1.4794860090834818e-18,0.20408306,EGFL7,0.003840935090341587,1.4619678,ACTG2,0.0006241169567292007,0.19657142
RTKN2,6.351062600189657e-23,0.013353752,MAP3K8,4.829310218031826e-09,0.27375987,FCER1A,1.0213062677882205e-08,0.071393065,TCF15,0.5013360574445426,-1.0477422,MNDA,1.276042372283486e-09,0.25766355,FCER1A,0.26667885319845425,0.13303222,OPRPN,1.1424328891626178e-37,1.4384519,DUSP5,2.628379833864698e-22,0.024780525,KDR,8.058966274279141e-07,0.10293818,RAPGEF3,3.1247348196721207e-15,0.2798884,DNTTIP1,0.6609278672114997,0.31453386,PLD4,6.607362890397084e-09,0.94444126,FSTL3,2.314342583556113e-12,0.17700888,LGALSL,2.43710384398979e-31,0.42054206,APOBEC3A,0.8696564306486955,0.15164246,C2orf42,0.0003944489255953171,0.5510305,CDC42EP1,5.322267253438952e-06,0.24905916,ACTG2,1.2409258655903095e-15,0.08528748,ADH1B,0.014122181584849866,0.105085894,MLPH,2.361796764299689e-12,0.056723554,CD1C,0.09092084737888709,0.3092875,S100A14,0.0026127842240713578,0.07608831,CEACAM8,7.53432941334133e-05,0.21021815,CAV1,1.6632862608230983e-18,-0.2523926,KLRF1,0.0051292533143805835,1.907998,ZEB2,0.001040309935939713,0.093080476
TOMM7,1.947591274278914e-20,0.100961804,PGR,9.201625095050924e-09,0.97687083,PRDM1,3.234016636076823e-08,-0.22343688,SLC4A1,0.40751779039693525,-0.125425,CD14,1.6690905255224808e-08,0.14590384,CD1C,0.3182249088500905,0.14481989,PIM1,1.5369464083137018e-37,0.16464512,TOMM7,4.0493906688222556e-22,0.14546312,CLIC6,1.259486179769516e-06,1.2797487,DUSP5,8.097480939579225e-15,-0.07976885,IGF1,0.7479654933120373,-0.06798124,AKR1C1,8.136912954710944e-08,0.32734483,OXTR,2.9291665068245555e-11,0.44588375,TRAPPC3,2.2786074956881368e-27,0.084116556,UCP1,0.9673926536643505,-0.09313511,BANK1,0.0011776642768882802,-0.006098966,PGR,1.6538171393493338e-05,0.9885866,THAP2,5.198362716157911e-13,0.10681544,C1QC,0.016862500857142068,0.28183216,CEACAM8,7.067871825926578e-12,0.92529607,PIGR,0.1209822673416346,0.7406788,PTRHD1,0.002841734178473562,0.40827784,ANGPT2,7.468360410188548e-05,-0.38740703,USP53,6.8707500722270924e-18,0.10638015,AVPR1A,0.005233248584490398,1.3887374,CD163,0.0016594633159871762,0.1284938
DAPK3,2.3685803975756205e-15,0.28571308,PTN,9.202738880062598e-08,0.0635475,PGR,4.216941786215528e-08,0.6345072,CXCL5,0.26784568462614733,-0.44408292,MEDAG,2.705656848185212e-08,0.46554124,CCL20,0.3182249088500905,0.66948974,CCL8,2.3671566759215528e-35,1.190858,NPM3,1.3172880509171199e-21,0.6576616,AKR1C1,1.3676513261662585e-06,0.29578796,FSTL3,2.5444540300738165e-14,0.14412268,PRDM1,0.7492678456099876,-0.0464502,CCPG1,3.654927160776038e-07,0.073581286,KARS,5.718159632648529e-10,0.025434382,LAG3,7.018578262839422e-24,0.70532715,AHSP,0.961394764799069,-0.4480966,PDGFRB,0.0012121448100463584,-0.123905554,MYH11,0.0003255180721880061,-0.22251806,RAB30,5.928517658793987e-11,-0.11796424,TYROBP,0.019820038631905824,0.6053393,QARS,5.94559172665359e-10,0.13049561,KRT8,0.1315339034919797,-0.02010386,FOXP3,0.00477180804369265,1.0752574,GZMB,5.6869489026522795e-05,-0.5249896,TUBA4A,1.734999621862193e-17,0.06748521,BTNL9,0.010424855365778349,0.956623,MKI67,0.001954274567938167,0.9297962
BASP1,6.10305732560387e-08,-0.12702724,CD79B,3.243225922862539e-07,0.98136646,KIT,2.418741303633712e-07,0.13527682,MYBPC1,0.21014584180223686,-0.7823529,SLAMF7,1.8485607216982383e-07,-0.018132139,C15orf48,0.4751948190804004,0.365668,BTNL9,4.254340876251617e-33,0.33438802,DSC2,6.509636240179604e-21,-0.03163618,THAP2,6.866511421947381e-06,0.32324177,DST,3.453551458144721e-13,0.034320652,IL7R,0.8742037929716773,-0.35063168,SELL,6.807850512800741e-07,-0.24043489,TIFA,9.632176050600782e-10,-0.037101742,RAPGEF3,1.9395862447082288e-22,0.40450212,SCGB2A1,0.9572711944137838,0.4264024,FCER1A,0.0014539973259459064,0.19316043,THAP2,0.0013322633484657384,0.03502028,OXTR,3.583038169453695e-10,0.34460396,PDCD1LG2,0.03761333470830001,0.95490533,LGALSL,1.6625629913250163e-07,0.38209534,CYTIP,0.14773920572052596,-0.30502778,ACTA2,0.007019380482533641,0.048343375,FCER1A,5.179204712675225e-05,-0.58239645,HMGA1,7.55563000889386e-15,0.03935358,CCPG1,0.05930199241193588,0.26730424,IL2RA,0.002015990758713055,1.1124238
OXTR,1.499558128558488e-07,0.06859146,TCEAL7,7.711093511787445e-07,0.5891276,LEP,2.838305097379861e-07,1.5125893,CD19,0.1567823835164786,-0.16676857,MS4A1,5.445394096336224e-06,-0.06335682,C1QA,0.4945938285707629,0.11084113,GLIPR1,9.246959139122823e-30,-0.08266848,HPX,1.1934828821425906e-18,0.84602034,KRT6B,9.767353518174268e-06,0.056112982,THAP2,8.147632822775891e-13,0.07301565,MPO,0.8940061873410767,0.70912,CTSG,8.242130861804938e-07,1.5384101,KLF5,5.3555861878793545e-09,-0.07999575,DUSP5,8.195836961021453e-20,-0.04330508,CRHBP,0.9275665537905471,-3.3341234,KLRB1,0.002214878869725095,-0.13356607,S100A8,0.0018530479925043157,0.66107965,NPM3,2.256590766947652e-09,0.3839166,PDGFRA,0.21763967315750718,0.12386302,FOXC2,9.924131266820828e-07,0.8099479,SSTR2,0.32172026524163955,0.72168493,SEC11C,0.011494604296845505,0.09571353,IL3RA,5.179204712675225e-05,-0.6474517,SVIL,7.917144598473436e-13,0.009827629,DUSP2,0.06222520236721822,0.9569257,CD68,0.0061757814552702685,-0.040439505
FOXP3,0.0003980643503289626,-0.17103188,CCL8,1.0372029328018885e-06,0.7283724,TPSAB1,2.873272455442062e-07,0.3489167,KLRF1,0.13412009542441788,0.61778647,CD86,7.252319304562756e-06,0.24590349,APOBEC3A,0.5057282818511653,1.0176555,CAVIN2,5.659816645449939e-28,0.7377939,POSTN,1.263408538242519e-18,-0.06333606,AKR1C3,2.5546996903052122e-05,0.48379892,RORC,2.5642725878992095e-11,0.34150082,NCAM1,0.9753706692067518,0.278731,PIM1,9.444152973261005e-07,0.02099443,NPM3,1.3190952558358785e-08,0.38985872,TUBB2B,2.804056102585369e-19,0.26243648,MPO,0.9275665537905471,-0.37246796,MNDA,0.007254800560080248,0.026556062,PTN,0.003494155146374733,-0.048678968,USP53,2.35395620087455e-09,-0.06657373,TPD52,0.23833754003079213,0.09763323,ANKRD28,2.6283135797534505e-05,0.13502958,KRT23,0.34451239159408437,0.05829648,C1QC,0.014279454571981362,0.05630352,HOXD9,4.9043831482134404e-05,-1.1511661,TRIB1,2.545721959822826e-11,0.06848982,ESM1,0.06710522106632433,1.3353295,LDHB,0.017705956605015068,0.040108465
REXO4,0.001973020892361387,0.1942856,ITM2C,3.8392863458595085e-05,-0.045012288,MAP3K8,1.5664340110006456e-06,0.0023442055,NDUFA4L2,0.09900987726535183,-1.297674,TCF4,0.0001452547379169262,0.053730812,CTLA4,0.5203501147729668,-0.059257545,ERBB2,7.263920821860055e-25,0.30783987,SLC25A37,1.7747314206226413e-18,0.07849038,ESM1,3.144992114394436e-05,0.63108575,MKI67,2.951765784488128e-10,0.100766905,MMP1,0.9753706692067518,0.20078643,KIT,1.0525259698117641e-06,0.41001648,CDC42EP1,3.993168466068098e-07,0.19800271,DNTTIP1,2.5505190489192045e-14,-0.015258969,HOOK2,0.9275665537905471,0.09583425,TRAPPC3,0.010367595187783341,0.10304083,OXTR,0.005104814887033224,0.15039508,PTRHD1,8.989920907743961e-08,-0.09647974,DUSP2,0.3418536399958403,0.5728924,CXCL5,0.00020688048411131795,2.3752859,CLEC9A,0.3506018351009927,0.51768917,LYZ,0.014804780825196954,-0.06311616,HPX,3.9178721018148916e-05,-0.4726821,KRT23,4.3179708428352395e-09,0.32749286,SNAI1,0.07350399988430029,1.4368199,RAB30,0.01867322524841544,0.24671163
PELI1,0.01408680345848787,-0.27001354,DNTTIP1,5.5454793916783506e-05,0.2529489,IGSF6,1.0307850511576536e-05,-0.17369962,SLAMF7,0.08569422758301623,0.026075345,FCGR3A,0.0007119885960662941,0.17672358,ITGAM,0.6856241076344486,0.22255301,ANKRD28,5.827967853203778e-23,0.20108613,C2orf42,1.3848443111115225e-16,0.37824953,LIF,0.0003560773731340025,0.882551,PTRHD1,5.013345560650236e-10,-0.03373229,CRHBP,0.9753706692067518,-0.3096319,CAV1,3.3896979493881503e-06,-0.21759066,HOOK2,5.092361652701711e-06,0.005222248,DAPK3,7.661223811110655e-13,0.33349767,CXCL5,0.9260344358227978,0.002305585,TPSAB1,0.013003145089448975,0.32225448,LARS,0.00626212353909057,0.00872385,RORC,1.291460188254571e-06,0.1891651,PELI1,0.3591536040173149,0.5484428,PELI1,0.000596764279754768,0.08847554,CCL20,0.3996467929382791,0.31595877,GNLY,0.015789309878477317,1.4745886,AKR1C3,3.852073385182502e-05,-0.803974,SEC11C,8.566725561929229e-09,-0.1226827,MYH11,0.07870171768982273,0.5356639,CD274,0.01997115780264329,1.260191
ANKRD28,0.01709182651688379,-0.14094594,ADIPOQ,0.0003008670872895753,0.53694445,CTSG,2.5222548500435108e-05,0.9235346,LIF,0.046182747574455396,-0.05844811,CCL8,0.0009879017549180992,0.65439487,MMP1,0.8751887984535601,0.34145436,CD8B,2.775882865179705e-20,-0.030679522,ANKRD28,5.564728187529147e-15,0.04562025,ANKRD28,0.0004229736398961896,0.19063917,CENPF,1.6423063830175453e-07,-0.10170091,TCL1A,0.8752434267905844,-0.09604581,TIMP4,3.18424772905852e-05,0.50678664,BASP1,1.1071710390369344e-05,-0.058209114,RORC,1.3776088347259296e-12,0.3358552,NPM3,0.8696564306486955,0.14235781,CPA3,0.026621819641207606,0.55336857,TMEM147,0.01395506245923688,0.00096450746,LGALSL,2.829995862953301e-06,-0.0233179,IL2RA,0.3762212271539336,0.47119433,MZB1,0.0023341596682969665,-0.23549451,KRT14,0.4505741279947058,0.09006466,IL2RA,0.02570146321283951,0.4918716,CAVIN2,3.7946998461148815e-05,-0.93125135,KARS,4.3822423963135357e-07,-0.017232424,APOBEC3B,0.10408673692990741,0.7477077,TIFA,0.01997115780264329,0.19960457
ELF5,0.1600261874048669,-0.26968023,ADAM9,0.0006359699219587809,0.073184185,MMP1,3.1702273239603594e-05,0.70290875,FGL2,0.043950150120735554,0.0949074,BANK1,0.0011784921897959918,0.0021438252,CCL8,0.8926463330657728,0.23191011,KRT14,3.690885775538238e-18,-0.291958,VOPP1,2.7320062781078854e-14,0.045821037,SSTR2,0.000637406667071638,1.236358,SCGB2A1,3.125450460391041e-07,1.3803887,UCP1,0.8521454330106061,-0.51177156,CD274,3.472491935246519e-05,0.6846726,THAP2,3.7724026586935934e-05,-0.009502778,TRIB1,9.541189035464175e-12,-0.04466713,CTH,0.8167654878067595,0.101380594,PDCD1LG2,0.05260702814983865,0.44165686,C5orf46,0.02007438377933011,0.26896173,CTH,1.3902382748867531e-05,0.58420813,CCL8,0.58455029088604,0.43357828,GLIPR1,0.0023341596682969665,-0.12281458,ELF5,0.5934798378753114,0.18764699,SH3YL1,0.032102309537253355,0.1553522,OXTR,2.3092848894866776e-05,-0.16579235,SERHL2,7.846655689598422e-07,-0.22573866,POLR2J3,0.19269411102795359,-0.0062434343,FCER1G,0.025146152116318873,-0.14152709
DNAAF1,0.18778478210384705,0.29819143,NCAM1,0.002012291621263917,0.98276335,CDC42EP1,3.6606799448514754e-05,0.19142388,SSTR2,0.03622508096449365,-1.2944247,CD274,0.0014626035678336705,0.61072487,CD86,0.9657225089086892,0.11519615,IGSF6,7.96203912942798e-17,-0.14252849,RORC,1.6460288909070917e-12,0.4282569,FAM49A,0.002238107344460248,0.049440518,MDM2,8.841030533014922e-07,0.07957048,AHSP,0.8497486219219872,-1.0665612,PCOLCE,4.1947291542477385e-05,0.2505338,KRT16,0.00046938987539376514,-0.120261766,PELI1,2.5880604724557504e-10,-0.16073549,OCIAD2,0.7814021333685395,0.029973231,GZMB,0.07034850593390593,0.23680829,PIGR,0.04046323678309185,0.44493553,KRT23,0.0012109272351254442,-0.3186803,MUC6,0.7476101979468945,1.0053406,TRAF4,0.002596346691109897,0.00093071646,ZNF562,0.6249481612511312,0.03422425,RORC,0.06917976541649372,0.6157832,LAG3,1.914434452186498e-05,-0.9431707,CCPG1,1.1004605485774356e-06,-0.05978126,CD274,0.21052558832448945,0.9614308,DNTTIP1,0.03504678286365413,0.28440684
SLC4A1,0.3433002542022287,0.11581794,KIT,0.05454217640498046,0.08357524,BTNL9,5.866672072248641e-05,-0.36103156,LEP,0.03385333733945252,-1.8285885,GZMK,0.0017617560946017955,1.803315,CD83,0.9705109863255744,0.1410317,KRT23,1.1890263059497412e-16,0.013664018,GJB2,4.20406243230252e-12,0.15985096,DST,0.0027983744730594603,-0.0013952042,POLR2J3,6.969895709505707e-06,0.10424204,PDCD1,0.7830440416293338,-0.9297792,TAC1,6.013280852793974e-05,0.3791122,LGALSL,0.0013942418518053795,-0.042885218,HPX,4.361594240408218e-10,0.6724257,TCF15,0.7672575916621006,-0.8897444,CCL8,0.08826415162880685,0.27000007,TENT5C,0.04150837758023044,-0.22686268,MDM2,0.0015496789164125787,0.0654935,CLEC9A,0.7917580334322015,0.43078968,AKR1C3,0.01021254743947752,0.3971305,CXCL5,0.6348091998168155,0.9361882,SERHL2,0.08487382031955026,0.018411418,CD79A,1.5929734146354544e-05,-1.8595566,TIFA,4.420932739164872e-06,-0.092146605,NCAM1,0.21766890326828417,1.7573111,MMRN2,0.03505699947735455,0.24319935
AHSP,0.9035925015352073,-0.91538113,GNLY,0.06835630606048095,0.26962048,SDC4,6.235521135908106e-05,0.101907864,PLD4,0.020378143412487556,-0.31125537,CD1C,0.0021158987225190218,0.17883147,CRHBP,0.9657225089086892,-0.48801416,USP53,1.8181447054553991e-16,0.06283566,DNTTIP1,1.3110155346008797e-09,-0.032523274,PPARG,0.014888986147513382,0.056677297,CCPG1,1.9302925195796504e-05,-0.12315452,GZMK,0.7629022937901945,-0.42505127,TCEAL7,6.297592156481285e-05,0.3368086,DNAAF1,0.0015975023113874213,0.89912707,HOXD8,1.8313312852464506e-08,-0.1447689,CSF3,0.7573382923194846,-0.6156186,CTSG,0.10701855821880016,0.6855359,FOXC2,0.05136752667060576,0.013557879,SERHL2,0.019912075394065896,-0.3801406,MRC1,0.8252958635703059,0.01624715,AGR3,0.013112678899065526,-0.06866457,KRT15,0.6899162713386534,-0.050667383,TIFA,0.11067737215578224,0.25120157,ANKRD29,9.667349861007702e-06,-0.054812405,FSTL3,4.995378392481532e-06,0.084348015,SVIL,0.2499237665352343,0.23073709,LARS,0.03872123476787353,0.1503512
CRHBP,0.9027294298853094,-1.6985407,SFRP4,0.0742006815994216,-0.21985802,LIF,0.00014343441923630483,0.6595134,CD86,0.012144411571847197,0.29328594,RUNX1,0.0023651705019117333,0.050425425,TIFA,0.9639540202790868,0.32393125,ANKRD30A,1.6469249819190876e-14,0.03174605,REXO4,1.3723931682105524e-09,0.66628593,VWF,0.020119856157422802,-0.32965365,CTH,2.046371804114506e-05,0.48918977,CCL20,0.7089478136137581,-0.32448888,PRDM1,8.170575100356288e-05,-0.21120664,PDE4A,0.0017386162417796218,-0.1602154,REXO4,2.1903014479329885e-05,0.49302882,CYP1A1,0.7262978216082979,-1.3307799,CD4,0.11081969788715801,-0.145461,ELF5,0.08017145121224217,0.22618723,DNAAF1,0.04771692687761857,0.5345011,GZMK,0.8520687376348646,0.5305648,HMGA1,0.01737745285945826,-0.03390453,APOBEC3A,0.7047540844778679,0.4391473,CD274,0.1498863000958414,0.4786772,DUSP2,8.683589848398636e-06,-0.9006603,CLCA2,1.4827713743855692e-05,1.3315642,PDE4A,0.27290665650012186,0.48989463,AIF1,0.04000839001558427,-0.05305171
MPO,0.817020591608412,-1.0810742,CD274,0.18361595298977065,0.1878501,FCGR3A,0.0002401024267795675,-0.1587706,CTSG,0.01186990957433177,-1.225704,CPA3,0.004561346654648967,0.643092,AHSP,0.9105796359206724,-0.16063805,CD1C,3.1057036323753273e-14,0.14060095,CXCL16,3.2823014735995735e-09,-0.090176545,LGALSL,0.03378598051713474,0.21899366,LGALSL,0.000757145548680952,-0.09163322,CSF3,0.6755608963253,-0.6425266,AKR1C3,0.00015502639363518277,0.435893,MYH11,0.005888503471832725,-0.29865873,PPARG,0.005367668424344314,-0.35326308,PDCD1,0.7036943256193554,-2.642575,TYROBP,0.11938369946421012,0.1639914,NPM3,0.20187460676155708,0.026924226,REXO4,0.05665769557881917,0.04730794,TIGIT,0.9216997735397059,0.10257935,NCAM1,0.03451652614635559,0.7961516,DUSP2,0.7383259357811335,-0.10105259,TFAP2A,0.16756576353543615,0.17977089,CX3CR1,8.42268631638936e-06,-0.6278479,DAPK3,1.7479519592661936e-05,0.26325187,PELI1,0.2764331346001161,0.44320574,KIT,0.040275944365639006,0.56979626
CYP1A1,0.7851337535095916,-0.90734595,LEP,0.24754647468211044,0.5355457,ADGRE5,0.0006367247481710078,-0.19771463,CD1C,0.011394274491375497,-0.09368965,CD80,0.006761160804365971,0.64994454,CYP1A1,0.8987497078769107,-0.095544316,LIF,2.9680151437440916e-13,1.4490432,HOXD8,5.3873105269006486e-08,-0.080245994,GZMB,0.042844499735061256,0.08946484,REXO4,0.008600155960145227,0.13856064,MUC6,0.6755608963253,-0.68041974,ALDH1A3,0.00017379273009327228,0.08193022,PTRHD1,0.018727742326093276,-0.10509753,FOXP3,0.005448100870725771,-0.25870493,C15orf48,0.6591191766090836,-0.27431956,FCGR3A,0.13295130869271327,0.021483907,MMP1,0.2865521871679052,0.03140391,RAPGEF3,0.12341824643508036,-0.31643915,BTNL9,0.9262016350134491,-0.025067134,PGR,0.07736940417302128,1.2824092,LEP,0.7447581184052743,0.4918111,EPCAM,0.2022087887869186,-0.0069848155,IL2RA,7.866436247921638e-06,-0.5439852,PGR,3.835588783391389e-05,0.6660391,CLDN5,0.3097666100772357,1.3250053,DAPK3,0.04460921469375791,0.64985263
UCP1,0.7175435630878998,-1.2678214,EIF4EBP1,0.3004503787189381,0.234931,AVPR1A,0.0006656881122347048,0.16150965,CLIC6,0.010650460135199302,-0.456186,KLRC1,0.007261750926968047,0.36650133,CSF3,0.8887591302504038,0.07794274,MAP3K8,4.0214534114781146e-13,0.016785702,OXTR,8.853899571755292e-05,0.00024581526,MYH11,0.05150212139299878,-0.018051535,NPM3,0.022296440140689013,0.007935224,CYP1A1,0.6535944195240823,-1.0501717,SLAMF7,0.00037554082436580343,-0.27282277,ANKRD29,0.03227996634860754,-0.320293,BACE2,0.005854647499499798,-0.21992181,SH3YL1,0.6275896217919249,-0.010059922,NCAM1,0.1330338289169864,0.82408106,ANKRD29,0.29736999340506975,-0.3006172,EIF4EBP1,0.27764379268730216,-0.22425967,AHSP,0.9842586871410305,0.71613014,HPX,0.10796067614997813,0.27768338,MPO,0.7447581184052743,1.1656958,TPSAB1,0.21693707376140042,0.25290823,KLRD1,3.7341118860278975e-06,-0.8459291,ANKRD28,5.977877457050436e-05,-0.07531893,AKR1C3,0.37547191209223824,0.8350534,BASP1,0.055053224047219816,0.072265044
APOBEC3A,0.6896326459545629,-0.95669854,CLIC6,0.3421610063482477,0.36507627,CTH,0.0010355693647614644,0.53389823,DNAAF1,0.009379931063057291,-1.2686183,GNLY,0.012188627913541654,1.1264539,MPO,0.8768787508571075,-0.5529047,PDCD1LG2,4.1851328288750184e-13,0.5540152,AGR3,0.00016317462308798467,0.027076166,HOXD9,0.0720657388517859,-0.18498617,BACE2,0.030136744550797647,-0.18790017,NKG7,0.6225782387040258,-0.20637587,CD80,0.0007139690348733415,0.5094159,C2orf42,0.0793302510065981,-0.11220014,DUSP2,0.07672358995734711,-0.55514896,SLC4A1,0.6021132434221601,-0.8935329,OPRPN,0.14123058374797412,0.23543975,SCGB2A1,0.4323437347047439,0.37699574,C2orf42,0.4309298186723895,-0.3419889,CRHBP,0.9893156156305598,0.35126022,CLCA2,0.11170674991832849,0.95058906,MUC6,0.7447581184052743,0.5612575,KRT14,0.22369319812141525,0.3437478,CD8B,3.4100139337437597e-06,-0.05488953,THAP2,6.537042003472263e-05,-0.023499204,CCL20,0.393973046912122,1.4051476,TRAC,0.0787024422676014,-0.30812773
MYBPC1,0.5141024175221927,-1.1553167,CTH,0.3494243681741952,0.40740642,TYROBP,0.0011237895743516474,-0.08388731,SCGB2A1,0.006653584585837073,-2.0991955,ALDH1A3,0.016852753343891053,0.27626878,MUC6,0.8751887984535601,-0.14528991,KARS,4.1851328288750184e-13,0.051971283,ELF5,0.001055120645231696,0.21657656,CLEC14A,0.0849225151106495,-0.40567845,MMP12,0.040432842171308006,0.035600737,TCF15,0.6174205348484314,-1.5785543,BTNL9,0.0013510588793234906,-0.23177093,MMP12,0.25536606393745775,-0.08185848,ELF5,0.16118832958229493,-0.26913127,CLIC6,0.45964099053567564,-0.3937285,RHOH,0.18596789104090966,0.081827104,EIF4EBP1,0.5561386893658832,-0.094960816,KRT15,0.49235063949089414,-0.6568602,CLIC6,0.9671273675835568,0.49630472,DNAAF1,0.22640626303747582,0.8409879,TFAP2A,0.7452729045925287,0.06283534,PDCD1,0.43424623606482643,1.5123137,KRT23,1.4900801522704082e-06,-0.47221154,CENPF,0.00011762180563768966,0.02808868,GZMB,0.5032067721779192,0.72324944,CD14,0.08271393577924781,-0.10317777
CSF3,0.5106121446773725,-1.0416672,UCP1,0.8850696803730475,0.42634892,KLRB1,0.008346805814925197,-0.50310457,PIGR,0.0038690214418365615,-1.4448472,TPSAB1,0.01748097599815326,0.40468088,UCP1,0.8734336436111684,-0.28295296,MNDA,6.679884949028701e-12,-0.17066996,FOXP3,0.0013901341139501235,-0.0745028,NPM3,0.08551297440442455,0.29781446,OPRPN,0.2294550874250855,-0.14131239,SLC4A1,0.5370177236030521,-0.48995838,LEP,0.004058824010598649,1.169525,SDC4,0.2858375134481513,-0.13170451,DNAAF1,0.18956354693565552,0.6415839,REXO4,0.3987920131339991,-0.11414374,IL2RA,0.23335322071347547,0.1286126,REXO4,0.6162238936033363,-0.079463616,CSF3,0.9175971133077772,-0.31012493,MYBPC1,0.9438349939759234,0.17659853,MMP12,0.28158641579108806,0.1880564,SLC4A1,0.8552534606295088,0.4698176,KRT5,0.47180588832478704,0.22360411,TCEAL7,1.288566748273123e-06,-0.54513,NPM3,0.0001950491896675594,0.27405065,CD79B,0.5034078926780724,0.80857843,QARS,0.08784622677080388,0.12024196
