0_n,0_p,0_l,1_n,1_p,1_l,2_n,2_p,2_l,3_n,3_p,3_l,4_n,4_p,4_l,5_n,5_p,5_l,6_n,6_p,6_l,7_n,7_p,7_l,8_n,8_p,8_l,9_n,9_p,9_l,10_n,10_p,10_l,11_n,11_p,11_l,12_n,12_p,12_l,13_n,13_p,13_l,14_n,14_p,14_l,15_n,15_p,15_l,16_n,16_p,16_l,17_n,17_p,17_l,18_n,18_p,18_l,19_n,19_p,19_l
FASN,0.0,2.654694,LUM,0.0,3.1437976,CEACAM6,0.0,3.7996066,FGL2,0.0,3.9370027,CAV1,0.0,4.095054,IL7R,0.0,4.6863503,TRAC,0.0,2.6478245,TOP2A,0.0,3.6311188,POSTN,0.0,3.562011,CEACAM6,0.0,3.1944582,SCD,0.0,2.4487154,FOXA1,0.0,1.7596165,CD8A,0.0,5.602918,MYLK,0.0,4.5771723,ITM2C,0.0,4.42001,CXCR4,0.0,2.8534648,FCER1G,0.0,3.5754585,KRT15,0.0,5.351899,ERBB2,1.1508481477433159e-196,0.799132,CCL5,0.0,3.3420217
EPCAM,0.0,2.5053055,CCDC80,0.0,3.424675,GATA3,0.0,2.5339448,LYZ,0.0,3.5582683,PECAM1,0.0,4.0077443,CD3E,0.0,4.115536,CD3E,0.0,2.6226726,EPCAM,0.0,2.3361156,LUM,0.0,3.070666,S100A14,0.0,2.552269,TACSTD2,0.0,2.123259,FASN,0.0,1.6736215,CCL5,0.0,4.726081,KRT14,0.0,5.4752088,TENT5C,0.0,4.0387692,MS4A1,0.0,6.927835,CD68,0.0,3.5256577,SFRP1,0.0,4.3711295,KRT8,2.8462686809220934e-16,0.61147684,CD3E,0.0,2.7186434
FOXA1,0.0,2.3424764,CXCL12,0.0,3.1882746,TACSTD2,0.0,2.681833,CD4,0.0,3.0047588,CD93,0.0,4.5343084,TRAC,0.0,3.9386191,IL7R,0.0,2.801685,CENPF,0.0,3.7454393,PDGFRB,0.0,3.2949858,TACSTD2,0.0,2.5695827,AGR3,0.0,3.4406443,EPCAM,0.0,1.7241733,CD3E,0.0,3.6043634,DST,0.0,2.8456025,SLAMF7,0.0,5.3346868,BANK1,0.0,6.3170185,APOC1,0.0,4.244246,TACSTD2,0.0,2.9087374,MMP12,0.0021117375567561722,2.9931815,CD8A,0.0,3.955421
KRT7,0.0,2.2639272,MMP2,0.0,3.3294828,CD9,0.0,2.0520718,FCER1G,0.0,3.1740673,AQP1,0.0,4.3801785,PTPRC,0.0,3.3837454,LUM,0.0,2.0995102,FOXA1,0.0,2.1537368,RUNX1,0.0,2.0257378,KRT8,0.0,2.239063,TENT5C,0.0,2.0644248,KRT7,0.0,1.7372762,PTPRC,0.0,3.0420928,KRT5,0.0,5.4412265,MZB1,0.0,5.059221,SELL,0.0,3.7301192,HAVCR2,0.0,3.639534,KRT23,0.0,6.216156,ELF5,0.0021981803590470257,2.7748322,PTPRC,0.0,2.2056673
MLPH,0.0,2.3823388,POSTN,0.0,3.0733702,MLPH,0.0,2.0716424,AIF1,0.0,3.1120863,VWF,0.0,4.9129257,CXCR4,0.0,3.0783594,PTPRC,0.0,2.1168172,PCLAF,0.0,3.0188217,ACTA2,0.0,2.187469,KRT7,0.0,2.07757,KRT8,0.0,1.9119495,ERBB2,0.0,1.1947219,TRAC,0.0,2.9945734,ACTA2,0.0,2.4880865,SEC11C,0.0,3.524681,PTPRC,0.0,2.3281717,LYZ,0.0,2.6345947,KRT6B,0.0,4.4615765,SLC4A1,0.12490025370712353,3.4165878,TRAC,0.0,2.1033723
ABCC11,0.0,2.8011987,FBLN1,0.0,3.6163442,TPD52,0.0,1.7046338,PDK4,0.0,2.790688,CLEC14A,0.0,5.88001,CYTIP,0.0,3.1496363,CXCR4,0.0,1.873975,FASN,0.0,2.2115211,PDGFRA,0.0,2.2064123,CCND1,0.0,1.6254306,CDH1,0.0,1.9293449,CCND1,0.0,1.1927589,CXCR4,0.0,2.5392008,SERPINA3,0.0,2.9078012,PRDM1,0.0,3.4308329,SMAP2,0.0,2.0771434,CD4,0.0,2.2990808,DSC2,0.0,2.9895608,CYP1A1,0.23500200793915096,3.5816088,CXCR4,0.0,1.7406136
ANKRD30A,0.0,2.0981708,PDGFRA,0.0,3.3224196,KRT8,0.0,1.89025,CD163,0.0,3.7893002,RAMP2,0.0,5.42628,CD4,0.0,2.41084,CCDC80,0.0,2.057114,CDH1,0.0,1.7271851,CRISPLD2,0.0,2.592683,ERBB2,0.0,1.4733466,SERPINA3,0.0,2.5483768,KRT8,0.0,1.4932815,GZMA,0.0,4.2605653,PTN,0.0,3.8846772,ERN1,0.0,3.1348672,GPR183,0.0,2.3033473,ITGAX,0.0,3.5786552,KRT7,0.0,2.0931103,CXCL5,0.32690786898671476,2.741272,GZMA,0.0,3.037616
GATA3,0.0,1.993347,PDGFRB,0.0,2.5639842,ANKRD30A,0.0,1.8096296,CD68,0.0,2.8121877,KDR,0.0,5.1282554,IL2RG,0.0,2.881582,POSTN,0.0,1.9813081,SCD,0.0,1.7866461,MMP2,0.0,1.8757466,DSP,0.0,2.0424013,MLPH,0.0,1.9602375,GATA3,0.0,1.4111089,CD8B,0.0,4.5781837,MYH11,0.0,4.474086,TPD52,0.0,1.8919364,IL2RG,0.0,2.0838568,C1QC,0.0,2.9551919,PTN,0.0,3.8519168,CTSG,0.32690786898671476,2.009245,CD3G,2.7924599711529617e-298,2.574429
SCD,0.0,2.1228821,IGF1,0.0,3.024308,SCD,0.0,1.8467344,MRC1,0.0,4.05362,MYLK,0.0,2.5176377,GPR183,0.0,2.9267328,CXCL12,0.0,1.7088624,MKI67,0.0,2.9299417,ZEB1,0.0,2.2019577,CDH1,0.0,1.909431,ANKRD30A,0.0,1.8160373,TCIM,0.0,1.4497736,IL7R,0.0,2.707769,KRT6B,0.0,4.8142834,CCPG1,0.0,2.107307,CD19,0.0,5.923258,IGSF6,0.0,2.991774,SERPINA3,0.0,2.500402,MYBPC1,0.4522159517930766,2.7931507,S100A4,4.2973521558324307e-271,1.5919698
ERBB2,0.0,1.4812231,SFRP4,0.0,3.2840056,S100A14,0.0,1.7477639,ZEB2,0.0,2.1881585,TCF4,0.0,2.6239424,S100A4,0.0,2.2729664,S100A4,0.0,1.7151086,MDM2,0.0,1.3537813,SVIL,0.0,1.7236559,TCIM,0.0,1.9411733,FOXA1,0.0,1.8460371,ABCC11,0.0,1.5387714,IL2RG,0.0,2.554527,SFRP1,0.0,3.050279,CD79A,0.0,5.0824995,SPIB,0.0,4.6217446,AIF1,0.0,2.1886485,KRT5,0.0,3.687155,UCP1,0.7016243066680303,2.8598838,CYTIP,1.735986131670252e-268,1.7562563
SERHL2,0.0,2.3742967,PTGDS,0.0,2.5300868,MZB1,0.0,2.5075772,CD14,0.0,3.3421226,MMRN2,0.0,5.3466907,KLRB1,0.0,3.585554,CYTIP,0.0,1.8383057,KRT7,0.0,1.798164,CCDC80,0.0,1.5705642,EPCAM,0.0,1.7093421,S100A14,0.0,1.8623303,ANKRD30A,0.0,1.2903531,KLRD1,0.0,4.8297696,KRT15,0.0,3.3763797,PECAM1,0.0,2.3938556,PTGDS,0.0,2.0592484,FCGR3A,0.0,3.2244742,KRT14,0.0,3.133087,MUC6,0.7038384386565698,2.8204577,IL2RG,3.6037779835214765e-249,1.8099657
CD9,0.0,1.8354856,CRISPLD2,0.0,2.6414795,FLNB,0.0,1.5709287,C1QC,0.0,3.085192,ACTA2,0.0,2.0641048,FAM107B,0.0,1.8099419,KLRB1,0.0,2.5254571,GATA3,0.0,1.6053034,GJB2,0.0,4.0436077,LYPD3,0.0,1.5976853,CCND1,0.0,1.4097366,SERHL2,0.0,1.4211626,CYTIP,0.0,2.4440575,ACTG2,0.0,1.74045,CYTIP,0.0,2.1559005,CD79A,0.0,4.126652,FGL2,0.0,2.1646569,ALDH1A3,0.0,3.7092223,MPO,0.7270353616618914,3.0006087,KLRD1,1.2447883463942077e-245,3.4691815
CCND1,0.0,1.4833264,SFRP1,0.0,2.1132002,FASN,0.0,1.7305224,IGSF6,0.0,2.837723,ZEB2,0.0,1.8058082,CD3D,0.0,3.4616776,IL2RG,0.0,1.7301424,ANKRD30A,0.0,1.5940628,TCF4,0.0,1.8325534,TPD52,0.0,1.2329831,ERBB2,0.0,1.3113216,MLPH,0.0,1.2928197,S100A4,0.0,2.043255,KRT16,0.0,4.755136,CD27,0.0,3.5764792,CYTIP,0.0,1.7964479,CXCL16,0.0,2.41217,KIT,0.0,4.308738,AHSP,0.7530427255387064,3.1443129,CD8B,3.391429633437933e-217,2.9832973
KRT8,0.0,1.8732122,ZEB2,0.0,1.3643941,LYPD3,0.0,1.7994752,PTPRC,0.0,1.8226321,ZEB1,0.0,2.1541615,CD247,0.0,3.3995383,MMP2,0.0,1.4726868,MLPH,0.0,1.6877344,LRRC15,0.0,2.926621,CTTN,0.0,1.016473,EPCAM,0.0,1.7881986,MYO5B,0.0,1.2621396,CD69,0.0,2.9270022,DSP,0.0,1.8914287,SEC24A,0.0,1.8087906,ZEB2,4.298721306759284e-304,1.2883055,CD163,0.0,2.4289143,CLDN4,0.0,2.119538,LEP,0.7530427255387064,2.2246845,IL7R,2.924700990456857e-197,1.5253333
MYO5B,0.0,2.0044339,DPT,0.0,2.6177282,CLDN4,0.0,2.1789045,MNDA,0.0,3.2703702,NOSTRIN,0.0,4.4528985,CD69,0.0,3.190799,GPR183,0.0,1.7198507,MYO5B,0.0,1.6700313,ZEB2,0.0,1.2682964,BACE2,0.0,1.7337893,LYPD3,0.0,1.7093507,ENAH,0.0,1.0880861,CD3G,0.0,3.0468154,RUNX1,0.0,1.5939693,RAB30,0.0,2.9855173,LTB,6.320548193828926e-288,3.097947,CD14,0.0,2.3945668,DSP,0.0,1.5231508,TCF15,0.8023127066224038,2.1243932,CD69,1.0131248707484008e-192,2.0800712
CTTN,0.0,1.4410304,ADH1B,0.0,3.1853647,SERPINA3,0.0,2.2391856,ITGAX,0.0,3.4706693,PPARG,0.0,2.6647096,LDHB,0.0,1.9096122,CD247,0.0,2.2929885,ERBB2,0.0,1.239275,ENAH,0.0,1.1106149,SERHL2,0.0,1.4891402,DSP,0.0,1.5267406,MDM2,0.0,0.94398016,CD3D,0.0,2.8528595,TACSTD2,0.0,1.6707573,TNFRSF17,0.0,5.580197,FAM107B,9.150976393803046e-268,1.3210566,CD86,0.0,2.4012165,KRT16,0.0,3.689688,CRHBP,0.8567739510372946,3.7881799,CD3D,2.306915778401206e-183,2.1222787
AR,0.0,2.1058962,EGFR,0.0,2.1315234,EPCAM,0.0,1.7104378,C1QA,0.0,3.047098,PDGFRB,0.0,2.004471,CD3G,0.0,3.200209,CD69,0.0,2.1457949,ABCC11,0.0,1.7702411,FBLIM1,0.0,1.7969903,MLPH,0.0,1.1676741,CTTN,0.0,1.2420216,AR,0.0,1.3223201,CD247,0.0,2.6895084,EGFR,0.0,2.3799856,DERL3,0.0,5.5259953,BASP1,7.912448999553811e-218,1.2817115,ZEB2,0.0,1.3497659,SLC5A6,3.4983073120045778e-304,1.6665338,PIGR,0.8891251895708526,1.3903298,CD247,2.24531249468786e-174,2.1258402
TCIM,0.0,1.7839019,BASP1,0.0,1.4116757,FOXA1,0.0,1.5815129,HAVCR2,0.0,3.1141243,CXCL12,0.0,1.4935908,PRDM1,0.0,2.2474468,CD4,0.0,1.3290277,KRT8,0.0,1.5648472,FBLN1,0.0,1.2736268,AGR3,0.0,2.1514966,CEACAM6,0.0,1.563941,CD9,0.0,1.0815208,KLRC1,0.0,4.3387446,KRT7,0.0,1.4850969,TRIB1,0.0,2.113222,CXCL12,2.4727956686924952e-192,1.0945648,SMS,1.1719933797584675e-282,1.1341226,CXCL16,5.0655807099460046e-294,1.7701153,CPA3,0.9116736053408009,1.5081435,KLRC1,2.3114152663640083e-108,3.0454319
CDH1,0.0,1.655737,TCF4,0.0,1.5962316,DSP,0.0,1.4668554,GLIPR1,0.0,2.0123491,HOXD8,0.0,2.2147012,CCR7,0.0,3.630779,CCL5,0.0,1.9161359,AR,0.0,1.7282616,CAV1,1.2330946093753694e-287,1.1177175,DSC2,0.0,1.5350627,FASN,0.0,1.3361315,CTTN,0.0,0.9241078,ADGRE5,0.0,2.0089276,SVIL,0.0,1.2411156,VOPP1,0.0,1.1750716,LPXN,5.598750140795737e-166,1.6391244,MNDA,1.3102740783954746e-249,2.0673819,SLC25A37,2.280339859018498e-292,2.4377882,APOBEC3A,0.982317521437319,1.6649963,LPXN,1.501689171584724e-103,1.401847
TRAF4,0.0,1.7647542,PDK4,0.0,1.2664298,TFAP2A,0.0,1.8285544,CD86,0.0,2.897324,HOXD9,0.0,5.3862076,SLAMF1,0.0,3.0725412,SFRP4,0.0,1.9192293,NARS,0.0,1.2053994,IGF1,9.186103491472535e-279,1.3559592,CLDN4,0.0,1.5776981,GATA3,0.0,1.2188069,CCDC6,0.0,0.9685472,NKG7,0.0,4.266252,DSC2,0.0,1.7903258,IL2RG,0.0,1.6037798,CCR7,3.6875049799198546e-165,2.7187657,C1QA,1.0992246766755045e-239,1.8539886,CDH1,4.280293897549609e-284,1.1667377,PDCD1,0.993387208444817,1.469937,NKG7,1.8073773150666843e-96,3.2266076
ELF3,0.0,1.9765618,ZEB1,0.0,1.2598957,CDH1,0.0,1.4522288,SMAP2,0.0,1.6815898,BTNL9,0.0,4.2946315,TCF7,0.0,3.16103,CD3D,0.0,2.1381276,SH3YL1,0.0,1.5691535,BASP1,8.454493477505339e-259,0.8566907,ANKRD30A,0.0,1.0627879,ESR1,0.0,2.2422922,TRAF4,0.0,1.2520396,LPXN,5.890099321698972e-305,1.834599,CAV1,0.0,1.3796217,DUSP5,0.0,2.2347925,GLIPR1,7.981515941949642e-136,1.3292168,PTPRC,5.177140719492709e-200,0.9325059,ADAM9,1.429673657741325e-281,1.1797906,TCL1A,0.94631230538578,1.1673404,TUBA4A,1.9604071205768716e-71,0.9365028
ENAH,0.0,1.2374271,MEDAG,0.0,3.0038464,KRT7,0.0,1.6811855,ITGAM,0.0,3.1216648,EDNRB,0.0,3.0894463,SELL,0.0,2.9343,CD3G,0.0,2.1268222,CD9,0.0,1.3804771,EGFR,1.1216155426192725e-233,1.4209471,CD9,0.0,0.9347188,FLNB,0.0,1.0423936,NARS,0.0,0.8896726,FAM107B,1.1003818162793832e-298,1.1737674,AQP1,1.0432320896740322e-269,1.1493952,CCDC80,0.0,1.2651709,TCF4,1.6547679401915719e-133,1.3870983,TYROBP,3.601769642577721e-199,2.5798254,SVIL,1.1102078130693182e-253,1.2160561,CSF3,0.9195370164080389,1.3283116,PRF1,1.3888753094363158e-70,2.7417777
NARS,0.0,1.0973077,SVIL,0.0,1.0771774,SMS,0.0,1.2539585,CXCL12,0.0,1.2160511,IL3RA,0.0,4.0825763,ERN1,0.0,2.0430381,PTGDS,0.0,1.5506581,TENT5C,0.0,1.4168408,CCPG1,2.098322935773477e-220,0.8820317,ELF3,0.0,1.2454172,KRT7,0.0,1.3261238,SCD,0.0,0.9894283,SERPINB9,3.585742178602428e-263,1.4235315,S100A14,7.068445660298888e-234,0.8876822,CXCL12,0.0,1.1897233,CD83,2.4646678543241667e-128,2.8579433,CD83,7.625868995021341e-192,2.5766406,EGFR,4.691720915360021e-253,1.8755215,CCL20,0.9116736053408009,1.0057293,FAM107B,1.9588502304903816e-70,0.7467619
TACSTD2,0.0,1.2907712,RUNX1,0.0,0.8661137,ERBB2,0.0,1.1179641,LUM,0.0,1.2115886,PDK4,0.0,1.3782175,LTB,0.0,3.5334463,LDHB,0.0,1.2128677,CTTN,0.0,1.1448245,MYLK,5.648009424343657e-213,0.9452603,CCDC6,7.217271729832706e-301,0.8144049,MYO5B,0.0,1.0514426,CDH1,0.0,0.93567955,SLAMF7,3.543356561585011e-225,1.8311841,FOXC2,7.316057681851835e-180,3.4986115,CXCR4,1.167492194079403e-291,1.1739408,POLR2J3,8.985323061120798e-127,0.4066843,ITGAM,3.8269495292975016e-188,2.2602422,DST,9.012335562115505e-249,0.9571424,SSTR2,0.8330020583164353,1.0489838,ADGRE5,2.0299595055148832e-69,1.2286899
USP53,0.0,1.4181991,EDNRB,0.0,2.0802402,KLF5,0.0,1.8347989,FCGR3A,0.0,2.5067055,FBLIM1,0.0,2.16866,SMAP2,0.0,1.7324452,FAM107B,0.0,1.0969687,HMGA1,0.0,1.4713715,CXCL12,6.035501776302587e-199,0.7024421,FOXA1,6.513703449817371e-295,0.9626114,SERHL2,0.0,1.2955925,ELF3,0.0,1.1794101,GLIPR1,4.410470991661913e-224,1.4116807,CEACAM6,6.235896927473702e-171,0.7526685,LUM,5.777181213537759e-281,1.1551085,LUM,1.8926359878977336e-126,0.85479873,PDK4,5.426779227578046e-183,1.3530725,ELF3,2.8657921975273034e-235,1.45825,LILRA4,0.8228359358495022,0.7659118,GLIPR1,4.148597889643518e-67,0.9710678
LYPD3,0.0,1.4359714,CD68,0.0,0.80123156,HOOK2,0.0,2.125868,CD93,0.0,1.6183203,CAVIN2,0.0,4.424905,LPXN,0.0,2.0383399,FBLN1,0.0,1.433321,ENAH,0.0,1.1866518,LDHB,1.1601726167701494e-167,0.68632597,SLC5A6,3.841928935154426e-282,1.1464233,AR,0.0,1.1720583,HMGA1,0.0,0.98455167,PRF1,1.608128962292501e-222,3.635866,FBLIM1,1.9554471660886325e-166,1.324674,TIFA,6.814775149389277e-277,2.1073482,SERPINB9,4.285146352199544e-118,1.2529972,GLIPR1,2.466939937430003e-176,1.1700981,CD9,4.538601751489772e-211,0.9795645,GZMK,0.8209083285441752,0.6250452,KRT7,2.347023449517123e-57,0.799546
TENT5C,0.0,1.2528605,LRRC15,0.0,2.1868103,AGR3,0.0,2.3229475,POSTN,0.0,1.1444632,ANGPT2,0.0,4.1666093,CTLA4,0.0,3.521243,PRDM1,0.0,1.4598151,CCND1,0.0,1.0729985,PCOLCE,2.776932279391124e-161,2.1348126,MYO5B,2.8818481606050257e-259,0.88279265,ENAH,0.0,0.86350524,USP53,2.198975659579871e-294,0.93156415,ITM2C,2.939592471053849e-209,1.2788796,OXTR,2.0542101959205766e-150,3.0658238,SLAMF1,3.7991620628691704e-208,1.8614781,LDHB,1.2674546196421275e-109,0.9707558,C15orf48,6.613694417934669e-121,3.2447312,JUP,3.728222583518411e-209,1.3969193,S100A8,0.7840119347706904,1.1078489,SLAMF1,9.436092336001361e-57,1.4789807
MDM2,0.0,1.0058964,PCOLCE,0.0,2.4562325,ESR1,0.0,2.4571977,GPR183,0.0,1.4527603,ANKRD29,0.0,3.7490373,TOMM7,0.0,0.4656301,SLAMF1,0.0,2.0270867,DSP,0.0,1.2322701,AQP1,1.759826573628137e-147,0.89633125,JUP,9.688716036546154e-240,1.0728534,ADAM9,0.0,0.90193903,SH3YL1,4.0814980986230767e-287,0.9127032,LUM,1.8005732750019384e-170,0.8646782,SLC25A37,4.144236887597913e-116,1.5108657,PTGDS,6.51242469194981e-179,1.1927886,ITM2C,8.008865780111706e-106,1.2375134,CXCR4,3.921870809568869e-120,0.71104664,FLNB,7.081213977474843e-192,0.8927717,SCGB2A1,0.7645941410568505,1.2193725,HMGA1,1.5594576914948115e-46,0.78972167
CCDC6,0.0,1.0671871,FBLIM1,0.0,1.1444266,MYO5B,0.0,1.1785488,MAP3K8,0.0,1.8853036,LDHB,0.0,1.1777463,ADGRE5,0.0,1.8620102,GZMA,0.0,2.0660381,TRAF4,0.0,1.4443877,FSTL3,4.697428247292937e-135,1.7385038,SERPINA3,9.209658410863222e-238,1.2110834,SQLE,0.0,1.1554937,TENT5C,3.166004831632551e-270,0.7339795,ERN1,1.973955176924284e-135,1.2549163,GLIPR1,2.8937781284386742e-114,0.7831477,POSTN,7.120844276431304e-136,0.75889564,CLECL1,2.572875833458629e-104,3.7052588,ADAM9,2.007129351119126e-119,0.7495519,PIGR,6.474448068159494e-185,5.823224,NDUFA4L2,0.7530427255387064,0.6033809,APOC1,2.8943150942024802e-46,1.5255599
DSP,0.0,1.0720888,CAV1,0.0,0.69475377,ELF3,0.0,1.4289294,CCDC80,0.0,1.1088102,EGFL7,0.0,4.736794,CCL5,0.0,1.8163124,CTLA4,0.0,2.6554399,CCDC6,0.0,1.1239493,PRDM1,2.5058439810685898e-99,0.65285254,TRAF4,7.010615100757926e-221,0.9058505,CLDN4,0.0,1.3208138,TFAP2A,3.978680446772704e-242,0.9931234,SMAP2,2.0620524367282558e-125,1.0497355,C5orf46,3.6128780368476175e-110,3.5263073,SMAP2,3.98394775066123e-130,0.87836426,TOMM7,2.007626915785691e-101,0.35742173,PECAM1,1.1137898158564717e-117,0.7484089,CEACAM6,1.0768494012310732e-172,1.055446,LIF,0.6703413216994163,0.96693045,SERPINB9,7.801843194929654e-45,0.78166974
S100A14,0.0,0.98777944,ITM2C,0.0,0.574654,NARS,0.0,0.95174766,TYROBP,0.0,2.7935114,SOX17,0.0,4.67147,GZMA,0.0,2.2634306,LPXN,0.0,1.289389,RTKN2,0.0,2.0929258,DPT,2.1758267501162743e-85,0.99888885,KRT15,2.0480523839619245e-211,1.2631468,TPD52,0.0,0.8211336,DSP,1.359541598214699e-217,0.7018548,ZEB2,2.0444174578099615e-124,0.7410358,JUP,1.4148064576414723e-88,0.84863126,IGF1,9.63779125004686e-129,1.0199454,VOPP1,1.656341627171945e-97,0.822461,SLAMF7,7.46035272105768e-101,1.3172278,CDC42EP1,4.466794696549519e-164,2.511842,CLEC9A,0.6687699097068263,0.550616,CCND1,2.7581659231850796e-35,0.46059462
SQLE,0.0,1.2424284,LDHB,0.0,0.55389607,ABCC11,0.0,1.2559656,CXCL16,0.0,1.5945722,BACE2,0.0,1.4766371,SERPINB9,5.083047735687604e-286,1.3322861,IGF1,0.0,1.2104404,SQLE,0.0,1.3802774,TCIM,2.230179424296043e-77,0.40753728,SCD,2.25500020766518e-155,0.64087075,ELF3,9.121573840358151e-274,1.1085978,PCLAF,8.1103709330667485e-199,1.0544122,PRDM1,4.6952610249336234e-124,1.2289375,DMKN,6.516062369453827e-81,1.6487817,LPXN,1.1237470052813724e-123,1.1049821,LYZ,7.781759383817294e-90,0.8403129,GPR183,2.00954256088779e-99,1.0302422,SH3YL1,8.264748045342612e-161,0.9966935,GNLY,0.6529829789976638,0.28874868,ITM2C,2.583621266505767e-34,0.65450794
TPD52,0.0,0.8630352,LPL,0.0,2.2258387,RHOH,0.0,1.2194548,PECAM1,0.0,0.96475494,AVPR1A,0.0,4.5107117,CD27,1.5860085998985104e-237,2.4239151,ADGRE5,0.0,1.309566,TPD52,0.0,1.0529996,PDE4A,3.4827691007646034e-74,1.1031986,TUBB2B,3.722472384843169e-153,1.4908677,CD9,1.2200009562033342e-254,0.77178586,LYPD3,5.440393608010307e-183,0.7385364,PIM1,5.548166813556454e-123,1.6020926,ENAH,1.0669895511755105e-68,0.4618223,CAV1,1.7319509886717102e-112,0.8151618,CD86,4.8286704018719065e-89,1.7777321,LY86,6.362030439337711e-93,2.4753582,KRT8,4.3278244787978924e-154,0.9078053,DNAAF1,0.6354208659718827,1.0245184,APOBEC3B,4.376872213806392e-30,1.6429079
SH3YL1,0.0,1.0038186,AQP1,0.0,0.7336674,SLC5A6,0.0,1.2767687,CX3CR1,0.0,3.2754838,FLNB,0.0,0.88232094,LYZ,1.7076897961647191e-211,0.95899117,ERN1,0.0,1.149133,SERHL2,0.0,1.1681666,BACE2,6.163091782871326e-73,0.6844156,ZNF562,3.5366373052033296e-120,0.62264127,SMS,2.0986744815145096e-237,0.73229164,SMS,5.096187469059042e-181,0.6425785,GPR183,4.926939322217588e-112,1.1334125,KRT23,3.671928718311966e-59,1.6453223,TCF4,6.336048064164702e-112,0.9107184,CD79B,1.1877551115502753e-65,4.2192373,LPXN,3.999308934680876e-90,0.99825114,MYO5B,1.2511114633165047e-149,0.9618593,CLDN5,0.5567747144555967,0.4667145,KLRB1,5.574525038400748e-28,0.9624182
KLF5,0.0,1.2136664,CCPG1,6.310868213000195e-299,0.6050653,QARS,0.0,0.93738747,IGF1,0.0,1.1102638,RAPGEF3,0.0,2.7907796,GLIPR1,8.13970330628596e-208,1.226269,TCF7,0.0,1.7516185,LYPD3,0.0,1.15012,PIM1,1.8682819308326776e-69,0.8481441,USP53,4.190336042192349e-116,0.61474,NARS,7.123342131437385e-212,0.6286482,KLF5,4.463662257248746e-174,0.8746596,LYZ,1.297182996498152e-107,0.83639735,PGR,1.5222602633914695e-51,2.6358497,FGL2,2.6623945325643666e-110,0.77591497,CD4,9.220331747361918e-63,0.88644993,MAP3K8,6.495921597576721e-89,1.2063316,C5orf46,5.2588171677024796e-127,4.03666,NCAM1,0.5399960752739815,0.044443656,PIM1,3.422885872927564e-25,0.9485852
TFAP2A,0.0,1.1178793,CD163,3.606989239867839e-282,0.6394791,RTKN2,0.0,1.7308804,CXCR4,0.0,0.69986945,DST,0.0,0.6331081,TUBA4A,4.938144032698724e-207,1.1815722,LYZ,1.1708846188129954e-271,0.7385709,SMS,0.0,0.955154,PTN,4.1112954342551864e-68,0.74043655,CEACAM8,5.627394703662903e-114,2.193707,CCDC6,1.9496378126761537e-189,0.631658,POSTN,9.126832486724305e-162,0.57640505,TUBA4A,2.8665542201716087e-105,1.0097634,TUBB2B,8.2898754918542e-45,1.2033604,SFRP4,1.4730068743135967e-101,1.0278685,FAM49A,2.4043410183420933e-60,1.9776683,MRC1,1.3364447838031565e-87,1.1635531,ELF5,1.0867215182870059e-122,4.2375536,CLCA2,0.5141512050812184,0.69379914,KRT8,1.4694075436833377e-20,0.39773673
DST,0.0,0.7181353,FSTL3,7.134528118531456e-280,1.5452089,SH3YL1,0.0,0.9280973,PTGDS,0.0,1.0338556,POSTN,1.0835138349181918e-280,0.68684244,POLR2J3,2.05615378479026e-185,0.24525347,SELL,1.4771363489751977e-271,1.5317986,SLC5A6,0.0,1.2249248,CTTN,1.0969022349498262e-64,0.37043193,GATA3,2.805820257740356e-113,0.5594,TRAF4,1.5259000901205893e-181,0.8023659,BASP1,4.851734845180992e-157,0.5667699,LDHB,6.361981400475136e-99,0.79118454,CLCA2,6.505177706924393e-42,3.4043624,AQP3,3.0101408515830513e-100,2.0045552,CD27,2.6293148099179306e-59,1.8395383,SCD,4.165775053280057e-83,0.5925217,SDC4,1.0066326707640366e-119,1.4282864,ADIPOQ,0.4985621328870151,0.36307102,FASN,6.385704542123786e-20,0.34754583
TMEM147,0.0,0.82256484,ALDH1A3,1.6046720255467303e-276,1.6527605,JUP,0.0,1.09958,FCER1A,1.1885240738879589e-302,3.4198005,SVIL,3.6555989525895806e-277,0.8218311,TIGIT,4.697699038347371e-141,2.9499779,PDGFRA,2.6798914167763884e-268,1.030005,KLF5,0.0,1.2723218,ALDH1A3,1.3501420132498268e-58,1.328894,OCIAD2,5.444211428036949e-112,0.85180706,DMKN,2.772838076846484e-133,1.668574,TMEM147,9.224211642818547e-149,0.58937275,TCF7,3.00608656236101e-98,1.668768,TRAPPC3,1.421123179545131e-37,0.39302486,ADGRE5,1.3256427643008667e-98,0.9934985,CCDC80,4.211051373470461e-53,0.6173488,TPSAB1,4.5893469153732844e-79,2.677178,OPRPN,4.928120910296443e-112,4.2816076,KLRF1,0.4512755366710119,0.9966929,LDHB,1.5904337542074467e-19,0.39883974
ZNF562,0.0,0.8898985,S100A4,3.455808144464176e-269,0.41764295,SEC24A,0.0,0.8846825,BASP1,3.43356568384424e-302,0.80915797,CCPG1,5.759429931444822e-264,0.7968401,AQP3,1.4414169306069848e-87,2.1396368,PIM1,9.79690448113432e-238,1.3370086,TUBA4A,0.0,1.0143174,TCEAL7,1.1456508396493582e-55,1.854573,AQP3,1.3386967285283276e-109,1.8029449,TMEM147,3.392784825953997e-120,0.5258594,S100A14,2.8436019697469733e-136,0.55800796,SLAMF1,1.0646819907199313e-95,1.6051476,KRT8,2.38912816940868e-36,0.35893968,FBLN1,1.2621399425109903e-93,0.83038205,PLD4,1.3875238946593946e-52,3.5788348,LPL,7.16558224198666e-49,1.66553,BACE2,1.8537181484260146e-111,1.121063,C15orf48,0.4295586975341268,0.9685819,LAG3,7.229838636577198e-18,1.8392919
SLC5A6,0.0,1.0416384,AKR1C1,1.6949356167296689e-267,1.8499132,AR,0.0,0.9576957,MMP2,2.6572718863040527e-295,0.7913417,PELI1,3.363454783468192e-250,1.291173,PIM1,6.2755053945309716e-86,1.3214052,DPT,1.1855531378913821e-237,1.5777074,SRPK1,0.0,1.0674834,WARS,3.092416112656916e-53,0.5142424,ENAH,2.895825776704214e-100,0.475448,ZNF562,2.7714698098487713e-102,0.54375553,SQLE,4.3038741620851277e-132,0.69602275,DUSP2,5.272971681390647e-77,2.727264,TCF7,1.4097318799280977e-34,0.6203475,PIM1,1.2001383534160122e-92,1.1417433,LILRA4,2.875397939818941e-51,4.4389124,PPARG,4.7081840071893194e-48,1.0761414,TRAPPC3,3.8789439624809604e-108,0.77372974,MMP1,0.42265511382034743,0.2625249,FOXA1,1.408289449351064e-16,0.3785531
LARS,0.0,0.71132165,TAC1,8.153691275602601e-248,2.8662958,CCND1,0.0,0.81641066,S100A4,1.8990281961819657e-268,0.78461355,ESM1,2.2824854151862556e-231,4.447593,APOBEC3B,2.3636101656173592e-29,1.5326996,CCR7,4.7261133990966525e-214,1.7128359,ELF3,0.0,1.1889417,SFRP4,6.438538348330278e-48,0.48966384,TRIB1,2.561742972389701e-87,0.83281076,DSC2,2.919687612906487e-101,0.656453,ZNF562,1.866199649979464e-123,0.5826566,TIGIT,3.4208575391134336e-67,2.3703141,PDGFRA,1.2915076497641833e-29,0.25000995,LDHB,3.408982663668666e-88,0.62358665,LY86,1.5671759638034665e-47,2.5785463,CX3CR1,1.1689319419324095e-34,1.9755762,TUBB2B,4.1465980103448234e-101,1.7223727,ESM1,0.42265511382034743,0.48136547,FCER1G,1.6435890401829899e-16,0.4775762
QARS,0.0,0.73512214,C1QA,2.2657916802107988e-244,0.8240232,SDC4,0.0,1.2893716,LPXN,1.810296170204165e-234,1.0096824,LUM,2.551209629591933e-208,0.6297087,PTGDS,1.7104018348951586e-28,0.54256994,GLIPR1,3.2860224606848624e-199,0.8222054,RHOH,0.0,1.0494366,GLIPR1,5.328275175247385e-46,0.34327748,C6orf132,1.184234707318625e-80,1.1058015,C6orf132,2.942946433031411e-101,1.2279024,LARS,1.634598769438725e-118,0.514517,POSTN,2.234968819358881e-63,0.53585094,BACE2,1.310115437058494e-26,0.49621913,WARS,1.199864441390715e-87,0.7437766,CD80,2.801278264347247e-40,3.379277,MMP12,1.658016774928931e-34,4.3225,SMS,2.7437920389660717e-96,0.6536041,CD80,0.3558960562618787,0.3470275,GATA3,1.924957409174147e-16,0.3380685
POLR2J3,0.0,0.46714705,TCEAL7,1.5062990871978079e-233,2.223754,C6orf132,0.0,1.6235534,CD1C,3.2983323615155013e-230,3.3681762,EDN1,1.8734229774273927e-183,3.92776,PRF1,2.3373883100264337e-21,1.6759511,LTB,2.128887493381601e-193,1.7258295,TFAP2A,0.0,1.0996021,LPL,2.279817231079693e-44,1.2872659,KRT14,2.8555927938033897e-78,0.7494293,SEC24A,1.3765820011896561e-97,0.51696205,PTRHD1,3.5735205667629266e-118,0.8802893,KLRB1,1.1787334269841162e-61,1.1811278,CDH1,1.0844128502982446e-25,0.24355759,ANKRD28,1.2232692174911002e-82,1.2440636,TRAC,2.3867322011244853e-38,0.55383146,FAM49A,4.110762641446053e-31,1.1462889,TRIB1,8.7334932682164e-93,1.2585304,CD79B,0.33746004680361713,-0.3974553,SLAMF7,3.866507799511562e-16,0.5503972
HMGA1,0.0,0.75509876,MRC1,1.2465478160962408e-231,0.61230016,LARS,0.0,0.7034676,SFRP4,6.248016763949942e-229,1.0251697,WARS,1.5033452907123663e-182,0.7531817,DUSP2,3.377668039493844e-13,1.5773237,CD8A,8.919309441945677e-184,1.2403936,TMEM147,0.0,0.82205683,MDM2,7.677496616339022e-44,0.2947783,AR,2.4609468012207304e-75,0.49029338,RUNX1,1.5326236087389723e-92,0.39646453,APOC1,4.141136237507878e-118,1.2061208,APOBEC3B,4.788503205119275e-52,1.8541503,FLNB,4.101375661051709e-24,0.25269172,BASP1,1.8625970680810783e-82,0.6122967,CD68,3.599127502641644e-37,0.64114875,S100A4,1.0961873927556478e-27,0.37446758,EPCAM,7.193836405407631e-92,0.78973395,OPRPN,0.3285818636047798,0.4842911,NARS,6.293830901897796e-16,0.28422192
HDC,0.0,0.920975,FGL2,2.9289291940615873e-225,0.35705253,DSC2,0.0,0.876797,FAM49A,2.0857822084009667e-197,1.7413266,TCIM,1.7316064103232158e-177,0.58762974,CCL20,6.554324929846224e-13,2.9734516,ZEB2,9.106196787975444e-175,0.5449886,ZNF562,0.0,0.92024314,ITM2C,4.888409764083759e-39,0.2201342,ESR1,4.3938424396671946e-67,1.0129117,SLC5A6,9.164469851785322e-87,0.60909015,CENPF,6.652027785788083e-112,1.0667138,CD27,1.7681627315689997e-49,1.5379896,CCND1,7.970809656050226e-22,0.296748,MMP2,8.993069347827931e-77,0.60113436,ADGRE5,2.166424045555783e-34,0.98776263,CD93,2.6390723106749272e-27,0.37928876,KLF5,7.211252871207376e-86,1.0724727,PLD4,0.3197808501726427,0.3545726,TCF7,1.2949199430175533e-14,0.7644521
RHOH,0.0,0.78074867,LYZ,1.9868955432629694e-223,0.23055065,USP53,0.0,0.84440976,LY86,2.1129463410858385e-195,2.5989947,SOX18,2.2081120008135245e-174,4.205251,MS4A1,1.6600606601822234e-10,0.8010456,SMAP2,2.4812387753777566e-171,0.7154905,USP53,0.0,0.88705903,TAC1,1.8582389778617402e-38,1.9677755,SMS,1.3179727029383793e-57,0.35709307,ABCC11,1.580794383912621e-82,0.4899443,ADAM9,1.4076426356474827e-108,0.4899538,LAG3,2.07519715152485e-42,2.2676785,TCEAL7,8.95959871439828e-22,1.4101003,LYZ,9.57806282826853e-63,0.43796676,IL7R,3.469782330553291e-34,0.49349236,HMGA1,4.2374347016043545e-27,0.46392062,FBLIM1,9.461052412318778e-85,1.0596341,CLIC6,0.30809761413946263,-0.02313622,CTLA4,8.467450083499774e-14,1.2176046
FLNB,0.0,0.5796113,PTN,1.511627398658386e-222,0.63003916,TMEM147,0.0,0.66651464,SERPINB9,1.2773269851606757e-158,0.84606767,MMP2,5.065427537345554e-133,0.41086534,AIF1,5.280282242423621e-10,0.43573323,AIF1,2.572087134728902e-150,0.6819506,STC1,0.0,2.2957191,PTGDS,2.7835634937091272e-31,0.23562306,NARS,6.431392256433963e-57,0.34446508,TFAP2A,3.1666294083318287e-77,0.54658264,TOP2A,2.9841798431679286e-107,0.8003766,PTGDS,4.199931101855622e-38,0.6724291,CD9,6.1350525905731054e-21,0.22036679,CD19,2.160831042608709e-54,2.5568442,ITGAM,5.7929324959504015e-33,1.6318364,CD80,4.706046069888139e-24,2.346568,HOOK2,2.708031295798906e-83,1.269711,CLECL1,0.2730108184336877,0.3579935,SMS,2.5263903249177306e-12,0.32668433
ADAM9,0.0,0.6155709,BACE2,8.93399452054357e-213,0.6593942,CEACAM8,0.0,2.741565,SLAMF7,4.20613741212674e-154,1.1492167,ADGRE5,8.022630546096063e-127,0.8387413,FOXP3,1.2764267768530804e-08,1.9530989,TIGIT,4.3258113729368405e-145,2.3293378,TCIM,0.0,0.79324967,S100A4,3.7647446168010138e-31,0.18826486,SQLE,1.885614856446015e-55,0.452849,EIF4EBP1,1.725594510950976e-67,0.92288357,QARS,1.1099170718406117e-106,0.50186056,POLR2J3,1.5723411954451966e-23,0.11217579,GJB2,1.1444940405767693e-20,1.0048214,DPT,1.5322360908730195e-53,1.0182406,CD1C,1.5409830580290027e-32,2.119094,NARS,1.304984231053299e-23,0.28977215,DNTTIP1,3.7509324732939114e-82,1.0464756,CCL8,0.2670836582688257,0.5351842,PRDM1,2.5263903249177306e-12,0.4253283
SMS,0.0,0.5489828,GZMB,2.5708830382182087e-209,1.5628259,HOXD8,0.0,1.0033774,FBLN1,1.4927437373344164e-153,0.6724987,LPL,8.527836146284791e-125,1.6978718,CD83,3.782692155216371e-08,1.0699074,SERPINB9,4.588754085468064e-140,0.6993538,QARS,0.0,0.75909287,APOC1,7.873208960272221e-25,0.5653838,DST,1.6436692900572943e-52,0.32320884,TOP2A,2.2900415582347788e-64,0.77559686,SLC5A6,2.3172629722398277e-100,0.6170478,AIF1,1.6980119533392503e-23,0.5412125,FSTL3,1.4272552548409294e-19,0.86841017,AIF1,4.400008865048717e-52,0.54478663,MAP3K8,1.459420355347109e-31,1.1622456,ACTG2,1.1726476826122787e-22,0.28423044,RTKN2,1.2578745897969079e-66,1.2560742,TPSAB1,0.25823683962681276,0.8297777,FCGR3A,3.262230295781361e-12,0.79710686
PTRHD1,0.0,0.9752826,PPARG,1.3104905219900612e-200,0.90426505,ZNF562,0.0,0.696515,LDHB,9.763808219785664e-139,0.51249784,CCDC80,2.050860252720444e-110,0.32447866,SPIB,1.33557524578989e-07,1.3821821,ADH1B,2.3650369810107727e-137,1.247318,POLR2J3,5.5014656690878e-310,0.52575946,HOXD8,1.9415293732615402e-24,0.44758216,NOSTRIN,6.586345772556097e-51,0.8955052,JUP,6.801426062387002e-62,0.51104105,JUP,1.8192742442192206e-98,0.6344751,CCR7,6.567751914839745e-22,1.0935689,AGR3,9.51456393625005e-19,0.64642715,PELI1,1.2383852923122243e-34,0.8213707,GZMB,4.829856711171941e-31,2.1418557,EIF4EBP1,1.5360230827438244e-17,0.81661755,TPD52,2.933012818337705e-61,0.5038985,KLRC1,0.23427527907457796,0.5237638,ERN1,5.418368163557866e-12,0.4677908
PCLAF,0.0,0.8419673,AIF1,6.62055091535158e-188,0.3562347,SRPK1,0.0,0.7128162,RUNX1,3.8669975612533644e-122,0.42897683,SNAI1,6.831117212046307e-104,3.1558325,CD8A,1.83724552436528e-06,0.41007656,CD27,2.053597027916924e-136,1.4435228,ADAM9,6.020100836640286e-297,0.7165983,SNAI1,1.9746805605541873e-23,1.9103885,KRT5,4.680361411113033e-49,0.7764485,CEACAM8,6.676881280312552e-56,1.7891268,KARS,7.408635792959217e-97,0.66508794,CCDC80,2.015221657799037e-21,0.29901707,LDHB,1.549608477143906e-16,0.1389576,GPR183,2.986648767407616e-33,0.409712,SLAMF7,2.4184930818619736e-30,1.0060084,PLD4,2.5575325972797117e-17,2.1336641,MAP3K8,8.29901284892678e-61,1.0729159,SOX18,0.18976543556802122,-0.20430656,CD68,2.010106888948445e-11,0.44324037
SEC11C,0.0,0.5004563,ACTA2,1.3442687586677967e-179,0.29930267,TRAPPC3,0.0,0.6250434,TCF4,2.5441079360321063e-111,0.5946364,CLDN5,9.006224298312255e-102,4.5540795,RHOH,0.00016983695460608372,0.54128015,FCER1G,2.7207804282644794e-112,0.49586022,PTRHD1,1.3017606462445076e-263,1.1012442,RAB30,1.2836179588403114e-21,0.49377108,TFAP2A,6.20159754275605e-39,0.35396412,PCLAF,5.063265089923964e-52,0.5895765,TPD52,2.2292915464675876e-93,0.43348977,CXCL12,3.668010884896046e-17,0.2309545,POSTN,2.074599799399436e-12,0.07195468,PDGFRA,1.1875048778844856e-31,0.45737466,TIFA,1.254054789500396e-24,1.228901,BASP1,2.425274738263565e-15,0.25323606,TFAP2A,2.420572185142693e-54,0.7146744,C5orf46,0.18937020547224104,0.18318854,RHOH,1.764684869431563e-10,0.44287804
OCIAD2,0.0,0.8702877,PIM1,5.711287307624833e-160,0.6998264,VOPP1,0.0,0.514882,ADGRE5,1.1554021005189435e-103,0.733754,LGALSL,5.1955939264266345e-101,1.5444485,BANK1,0.0002236683465175632,0.6564275,CD68,3.3854957074966932e-112,0.5015772,LARS,6.153624250439512e-237,0.6325312,MMP1,5.145430424923003e-20,2.5618951,SEC24A,1.8000251514551083e-36,0.28996438,SRPK1,1.328339141785681e-48,0.3722275,ACTA2,8.024521960018981e-86,0.3176361,SELL,6.890324356068073e-14,0.7843161,MMP1,1.0311982812497407e-11,2.3036234,CD68,4.288798370256719e-30,0.33062363,CD69,2.987255242787989e-24,0.90442955,SERPINB9,1.3371721398703763e-13,0.4080483,CCDC6,5.370526237644967e-50,0.44904238,SOX17,0.15467984434685877,0.34472588,TOMM7,1.9884528636558658e-09,0.1276781
SEC24A,0.0,0.5429413,FCER1G,9.132354344710768e-155,0.21090701,CCDC6,2.5137895485803987e-304,0.5290439,CYTIP,4.8894875693989896e-99,0.47369128,CRISPLD2,1.037604897717403e-99,0.77911496,FGL2,0.01656635735084086,0.23188286,ZEB1,1.4663612086117595e-110,0.7035681,SEC11C,1.0258971818825904e-231,0.60702217,ADAM9,5.467182106584805e-20,0.21259499,DMKN,1.8038793188330024e-32,0.89779896,CENPF,1.5973768144568835e-47,0.8136994,TACSTD2,1.0243609266931331e-79,0.34100753,FGL2,3.8242426842884676e-13,0.38920888,CTTN,1.5619421853089377e-10,0.17429988,CD79B,1.2500524304167643e-27,2.7037108,IL3RA,5.344253685537554e-22,2.1616454,TRIB1,8.526795440621564e-12,0.4518829,USP53,1.5626333448645039e-49,0.55377114,SNAI1,0.1514086433204852,0.109234385,HAVCR2,8.999666793569161e-09,0.63039434
JUP,0.0,0.6597144,IL2RA,6.786662782033418e-142,1.4376932,DNTTIP1,2.97541449955578e-281,0.76939374,IL2RG,3.632941310482704e-84,0.47483227,MYH11,1.69035577188022e-97,1.949909,CXCL12,0.021778857692984568,0.05184182,PDK4,1.0784815109209462e-95,0.42628253,DST,1.0716207976319676e-190,0.50532085,FCGR3A,4.853242646434546e-18,0.4236147,KRT6B,2.424211585470582e-24,0.61416954,TUBB2B,1.463382052922799e-38,0.8226591,SEC11C,2.2913365898876027e-74,0.35092333,LTB,3.5290430953331325e-12,0.9124778,CCPG1,2.5601117612086947e-09,0.1813177,FAM49A,8.704126077240516e-26,0.98904204,TCF7,1.0764412713264305e-20,1.1323675,LDHB,7.411937031687083e-11,0.1400123,S100A8,8.574860390548587e-45,3.6743314,CD19,0.14806775435217526,-0.8108327,GZMB,8.55304914412718e-08,1.1772598
C6orf132,1.815383291906672e-294,1.2151734,CD14,2.2895415438160916e-134,0.42453825,DST,1.5479274137441362e-264,0.4753151,ADH1B,4.094004692327081e-82,0.95703393,PRDM1,2.2080221779370003e-62,0.4215089,CD274,0.027452741759327794,1.1126451,PDGFRB,1.4727173852352017e-89,0.43916872,S100A14,2.370381937793283e-185,0.53123814,SEC24A,3.420646761054994e-17,0.24599664,FLNB,1.4651005297237536e-21,0.24491817,SH3YL1,2.0562906906170274e-37,0.28642222,OCIAD2,4.348923740725348e-73,0.6028283,ZEB1,1.0276997606442793e-11,0.5217019,MMRN2,7.888118887703129e-08,0.32073104,PDE4A,1.124369076355385e-25,0.87435526,KLRB1,6.757714210991005e-19,0.6795046,PELI1,2.656391465708508e-10,0.4432046,LYPD3,9.385085680007713e-44,0.5481424,TNFRSF17,0.1432782364996798,-0.1048083,DUSP2,1.060757969938732e-07,1.2965301
STC1,1.0980023136753453e-276,1.7273698,PDE4A,1.166139997833204e-115,0.76156986,HPX,1.9245284711901554e-257,2.5416863,DPT,5.106483181165388e-81,0.85712236,PDE4A,1.8630035099011383e-60,0.9281558,PDCD1,0.04323103977109956,2.9744754,TOMM7,1.5463249991898463e-76,0.22367214,OCIAD2,1.4783727574593155e-164,0.7828113,EDNRB,1.15315672337054e-16,0.5506893,CXCL16,3.313989925079893e-19,0.23253593,BACE2,1.250404108165555e-36,0.40868366,SRPK1,5.063989709029985e-70,0.44735095,PECAM1,2.2894704226651646e-11,0.27944538,APOC1,1.3147879577774105e-07,0.23789822,C1QA,3.175624839559159e-24,0.62991005,AIF1,2.5461258188150878e-18,0.5297344,S100A8,8.819171551655847e-10,1.8937147,C6orf132,8.671706563014845e-42,1.1483274,CD274,0.13745665030491902,-0.033516906,TIGIT,1.5191939646864692e-07,1.1555458
CENPF,3.615776644256277e-215,0.73443294,FAM49A,3.214470442165658e-113,0.8382294,SERHL2,4.238132523380309e-233,0.4924586,IL2RA,5.241913411856978e-81,1.5691916,TRAPPC3,3.129494492246126e-58,0.39645445,GNLY,0.08781938307393036,1.4739891,ITM2C,1.4847045173316172e-69,0.4103332,TACSTD2,6.524799478526761e-162,0.46082824,MEDAG,1.6229364059012105e-14,0.81708217,TRAPPC3,4.700588852946781e-18,0.22066209,OCIAD2,1.2268734621163161e-33,0.4205957,RHOH,4.810526361070697e-68,0.42157382,GZMB,7.761412749906764e-09,1.1402098,TOMM7,9.304613290021985e-07,0.09208772,FCER1G,1.2166263163811605e-22,0.24428464,APOBEC3B,1.764601209780172e-17,1.4662485,PDCD1LG2,1.4071321356790747e-08,1.2312069,EDN1,2.9557916223625534e-40,2.3848948,PGR,0.09589902101028328,-0.06314192,IGSF6,8.448908249128431e-07,0.4555213
SRPK1,6.569133165041669e-213,0.43093613,AKR1C3,1.3703947786491383e-105,1.8402364,PCLAF,4.926762198583523e-200,0.74646366,CD83,1.4943140516416964e-80,1.5367241,S100A4,3.919420730460411e-54,0.34781885,KLRC1,0.17889440706019558,0.721098,C1QA,1.159213101751008e-68,0.7656277,HDC,2.3971703515562725e-160,0.6972027,PELI1,3.9232858946820656e-14,0.3738223,EGFR,4.6516853283653427e-17,0.15878086,USP53,8.63257410366094e-31,0.2376563,MKI67,2.8156105992807955e-66,0.9018835,GNLY,1.0074262962989785e-07,2.7549207,TRIB1,1.5909065452018355e-06,0.27353898,TMEM147,2.1809090097129475e-22,0.32709968,DERL3,5.721296560008588e-17,2.1734748,SMAP2,5.5018759739543186e-08,0.13889256,TCF7,2.825840164347394e-39,0.7284752,TAC1,0.07440569119730035,0.45651612,SMAP2,1.0051604981626718e-06,0.27322835
KARS,1.0876358895086218e-197,0.53657174,C1QC,7.342543819277574e-100,0.25602913,TRAF4,3.712048919338333e-190,0.44570327,PDGFRA,3.257160357424134e-70,0.40802166,AKR1C3,1.7580316235640073e-53,1.930506,GZMK,0.34354719672146183,1.560082,IL2RA,7.404518964324374e-66,1.5842754,EIF4EBP1,2.502673337430551e-154,1.0760615,ANGPT2,5.1867846911647124e-14,0.9785999,KRT16,1.216133743639325e-16,0.74937546,HDC,6.087372030136688e-27,0.31003323,SEC24A,8.006835106728537e-65,0.386112,GZMK,0.009843544009172376,2.4806056,ANKRD29,4.967075306613578e-06,0.48076868,ADH1B,3.4171675613937726e-20,0.61676896,TCL1A,1.3580329906511081e-16,4.044676,DNTTIP1,8.197461745303574e-08,0.38331565,LIF,3.135891658518166e-36,3.2343,FOXP3,0.0645189445364574,-0.08240732,CD4,1.2016094992231158e-06,0.20158485
DMKN,2.0578615857692967e-197,1.2809434,MYLK,2.484647060379665e-97,0.08073282,TOP2A,3.341881268156224e-184,0.76739657,PDCD1LG2,5.997613764329188e-67,2.2251503,PTGDS,1.6701166499466137e-52,0.35141715,CD79B,0.36472490921929507,0.81888443,AQP3,3.246473698604823e-65,1.3826284,SDC4,5.1429393910069264e-151,0.8526462,FAM107B,7.584217986013738e-14,0.121302284,RORC,1.993527284228582e-16,0.80960804,QARS,1.8053417187236173e-24,0.202403,HDC,1.943909313090959e-61,0.57264423,MS4A1,0.014265536567157696,0.20322162,TIFA,6.27752280842457e-05,0.26211804,CD163,1.3578313877509975e-19,0.3924262,FGL2,5.040126045669077e-16,0.4543018,LILRA4,1.4157454102076792e-07,1.5657378,C15orf48,3.956863644650601e-31,1.7732397,DERL3,0.053458430360776084,-1.047525,OCIAD2,2.08544088716564e-06,0.56188434
SDC4,5.251897103974532e-181,0.66098917,GLIPR1,5.832681843826712e-91,0.14997664,HDC,3.6304800982916686e-171,0.4695652,APOC1,7.120510477823516e-57,0.9009869,AKR1C1,7.68876446535921e-52,1.2754161,NKG7,0.6266536936968337,0.5181136,PRF1,1.3641940656359609e-64,1.7653657,KARS,5.874775535914416e-134,0.63749194,TRAPPC3,4.861392905943692e-13,0.20361224,ADAM9,2.04128198388389e-15,0.21715282,DST,4.909265792138927e-24,0.18993294,POLR2J3,4.810013463547457e-61,0.2894104,MNDA,0.03656205111105994,0.3870168,CCDC6,7.378288445606326e-05,0.09301399,GLIPR1,1.355428794687657e-17,0.2845683,SLAMF1,8.230773153769283e-16,1.0061547,CLECL1,1.0424743808135739e-06,1.1002743,CTTN,6.721855841151501e-28,0.33965945,FOXC2,0.050524459018367725,-0.02231145,ACTG2,5.34169832832975e-06,0.18317047
TOP2A,1.3571119403966331e-159,0.32795435,RAB30,1.314343086930079e-81,0.4950592,KRT15,3.3569353075189887e-160,0.6637593,WARS,9.427622984061226e-47,0.51102704,ENAH,2.635952403871157e-47,0.28876498,TIFA,0.6531094342339591,0.63729316,CD8B,3.0755557466868484e-60,1.1262157,SEC24A,7.762398336781219e-119,0.4378767,CD68,5.282969179963568e-13,0.006130465,C15orf48,5.351479200782104e-15,0.8364308,RHOH,4.0584572128729464e-23,0.24884167,FLNB,1.2611818598937302e-51,0.29987606,FCER1G,0.05101800583333152,0.16379255,CXCL16,0.0002325916422536528,0.20443049,PDK4,4.839878385569333e-17,0.20795517,ITGAX,5.998088383500514e-14,0.9129754,WARS,5.1514837570490915e-06,0.27672878,MYLK,2.0384238750574267e-23,0.2786076,CTH,0.050524459018367725,-0.47758722,CD27,1.2519261726269965e-05,0.5805015
CLDN4,4.479298771143771e-147,0.3851377,HOXD8,7.379327532723467e-72,0.38838312,KRT14,3.9104792832520754e-110,0.4865204,PLD4,1.1331466704381902e-44,2.372287,ADH1B,4.926792793903535e-46,0.81863767,CD80,0.6570162104382594,0.678219,GZMB,2.0913715002771346e-54,1.4059428,JUP,1.2580704951137025e-113,0.5429849,CDC42EP1,1.2787232253670897e-11,0.748186,SH3YL1,1.253729245611423e-12,0.14804138,KRT14,2.6618026539610713e-19,0.24010117,C6orf132,2.467208375668181e-47,0.77407795,LRRC15,0.08526893755043011,0.47660404,ZEB1,0.008088659231337884,0.055904005,S100A4,7.060662247015821e-16,0.16484214,RAB30,2.568820708409035e-13,1.0405989,CD274,1.4016825836272188e-05,1.0902385,OCIAD2,5.151216739598015e-22,0.52409613,CD1C,0.050524459018367725,-0.016131181,AIF1,1.699212280710728e-05,0.23095441
HOOK2,2.2518447569542036e-115,0.5717238,ADIPOQ,1.7143814341575004e-68,3.3260992,SQLE,1.4094165297090037e-102,0.28815067,CLECL1,5.306592727337146e-44,1.95258,FOXC2,6.7597540948862545e-46,2.1794086,CD8B,0.9239687444763679,0.44542354,LRRC15,3.555445376967229e-53,1.0551509,ANKRD28,3.508623416526885e-95,0.6522141,DUSP5,5.639866863517141e-11,0.28898397,CLCA2,1.8293182575116412e-12,2.0588486,CXCL16,7.372360180309767e-19,0.21126226,LUM,3.942011627323487e-41,0.2587084,PDE4A,0.08997627990044829,0.5746113,OPRPN,0.020145161474665912,1.0185453,MRC1,5.858430924772226e-15,0.37002075,S100A4,1.7605123280116354e-12,0.37742236,IL2RA,4.038334394078336e-05,0.69758964,S100A14,6.939960664322564e-19,0.2230714,TIGIT,0.04040475970275062,-0.08013254,MDM2,2.4687795858974232e-05,0.14684884
RAPGEF3,4.043029224996823e-101,0.98138636,TIMP4,1.8029302009468853e-68,1.9249277,OCIAD2,4.222083845020835e-102,0.37966254,ITM2C,1.3877834463850984e-41,0.26970273,STC1,8.198567111944065e-37,1.6215267,LILRA4,0.9504587971638158,0.43574986,BASP1,2.2461327547233164e-51,0.35002452,FLNB,3.712253280429654e-95,0.3512694,C5orf46,8.409550032467432e-09,1.2820154,FSTL3,1.0701333155322715e-11,0.38421535,STC1,7.793595625983802e-16,0.7985202,STC1,1.413937664753917e-39,1.0113591,CD274,0.20803898367527615,0.7962803,DNTTIP1,0.08345646124901962,0.14447339,ZEB1,9.880065858300875e-14,0.25695208,FCER1G,1.036902396279086e-09,0.34600395,PDE4A,4.5881271463935976e-05,0.35183886,GATA3,6.988388419288471e-19,0.30456972,REXO4,0.031090877179912057,-0.06763179,CCDC6,7.12559041667456e-05,0.18369082
SLC25A37,4.2050439891867494e-73,0.38063678,SERPINA3,9.437026195028743e-61,-0.088637605,TUBB2B,5.122546330862134e-98,0.7323464,PELI1,1.5327242689044996e-37,0.61960363,MEDAG,4.243538768949155e-27,1.0983065,AHSP,0.9504587971638158,0.52864563,KLRD1,1.6310953052950083e-48,1.3763022,C6orf132,5.201003507305283e-91,0.9209073,AKR1C1,6.70389557944382e-08,0.5345676,KRT23,1.242360443954259e-10,0.45365041,NOSTRIN,4.482442755353838e-15,0.38602835,WARS,8.230988337837017e-38,0.22657037,CTLA4,0.3449180153196348,0.15504181,AQP3,0.1103180203142739,0.09636444,TUBA4A,6.291019545256669e-13,0.32888925,TNFRSF17,1.0936690412602953e-08,1.7907982,DSC2,4.877791850409183e-05,0.21370825,DMKN,4.897418631589126e-18,1.0240959,EDN1,0.03092798174913437,-0.77492017,TPD52,0.0003961661676530203,0.13430673
BASP1,2.6670749413983713e-66,0.088748544,SDC4,2.440498269530077e-59,0.45948592,DUSP5,2.483412996148113e-88,0.27342203,SELL,2.2583956399179363e-31,0.35904366,ALDH1A3,5.962602756968271e-26,0.7606004,CRHBP,0.9482458540224642,-0.8673752,CD163,1.1273688876837593e-43,0.3812629,HOOK2,8.761265355406595e-82,0.6598682,TIMP4,1.2644360054277574e-07,1.0536338,DAPK3,6.427520893227256e-10,0.53128314,KRT15,1.885723359975419e-10,-0.031884067,DST,1.2939355829223118e-36,0.21917108,KLRF1,0.3963299070666733,1.2023466,KIT,0.1247298410617705,0.1953256,C1QC,8.268226354015268e-13,0.32536477,MNDA,3.538170808525672e-08,0.6765633,CCL8,7.198870061759018e-05,1.6442274,TUBA4A,1.361089144853132e-16,0.26482046,KIT,0.02986555599871393,0.4797188,GPR183,0.0007952231546818177,0.11474024
EIF4EBP1,8.924847769164219e-57,0.43731558,VWF,1.0914359853613097e-45,-0.23621796,CDC42EP1,9.825086984538088e-88,0.94947314,C15orf48,3.6026215454984447e-25,1.5087924,FAM49A,7.857573822033708e-26,0.677999,CLEC9A,0.9302799403133422,0.32259837,SFRP1,2.349311709713618e-43,0.36799082,CLDN4,6.784283745227221e-74,0.38500795,KRT14,1.3197521976626136e-07,0.21793884,CPA3,1.0409708534829285e-08,0.58377355,RORC,1.961849150271548e-10,0.66101664,EIF4EBP1,7.407165333341505e-36,0.5976461,C15orf48,0.41393244213210095,0.5647544,CD274,0.12983372443921953,0.31556523,FAM107B,5.7481090562687754e-12,0.20403159,DUSP5,2.3789936684449463e-06,1.0821303,MDM2,0.0007676962193076181,0.09723849,AKR1C1,1.3267334431771367e-14,1.1019012,AVPR1A,0.027279417089267424,-0.59089833,TOP2A,0.0011733658760949965,0.33886635
VOPP1,4.705042722761218e-46,0.115103416,ANKRD28,1.5371299049295291e-44,0.35210186,TRIB1,1.2483490448279795e-83,0.36276683,TPSAB1,2.354578314932618e-22,1.2745997,NDUFA4L2,2.242190013139485e-23,3.7131388,PDCD1LG2,0.9280510007941959,0.60080963,TUBA4A,5.147844530416928e-42,0.40658903,TOMM7,3.0085280976639036e-71,0.2746606,DERL3,1.2508329912914766e-06,1.005682,KLRF1,9.643150073326905e-07,0.6751763,HMGA1,1.1277677137657544e-08,0.044174284,DMKN,5.132891731124919e-34,0.8865379,PDCD1,0.41811089933770623,1.8119284,LGALSL,0.5039402710465087,0.15732387,ZEB2,7.24517191909194e-11,0.08966915,DPT,7.892395081287107e-05,0.6059627,PIM1,0.005751531512373729,0.20081648,TIFA,2.574015618789421e-14,0.5158947,PDCD1LG2,0.02526202054075482,-0.33098537,C1QC,0.002004579501567005,0.23966849
HPX,8.065451245533206e-46,1.2949077,BTNL9,7.509522541824879e-39,0.22016059,CTTN,1.93241337068065e-65,0.29318964,VOPP1,2.59172982352131e-21,0.22872564,CTTN,1.558330348863748e-22,0.1723255,KLRD1,0.9185574808103264,0.38416904,KLRC1,2.999843423204679e-38,1.4516528,DMKN,1.6639255424340598e-63,0.96874803,PGR,3.9210634727239236e-06,1.1672503,KLF5,1.5837815089589595e-06,0.08436177,TCIM,3.3812374321933796e-08,0.052571982,SDC4,1.0581368280941202e-28,0.38232428,MMP2,0.45055673163022564,0.02662922,LIF,0.6133280778394787,0.1041308,CD14,1.674437687942838e-07,0.29230928,FBLN1,0.00025323349725550067,0.2724804,KRT14,0.017362328793235463,0.3522059,SRPK1,4.0529523323954726e-14,0.27809143,TIMP4,0.021739135051346337,-0.21171488,SRPK1,0.0025136584202496573,0.28444478
TRIB1,2.44973779072405e-44,0.20721582,CPA3,9.082567720326754e-39,1.820652,HMGA1,1.4491011409103375e-55,0.10789868,PDE4A,2.59172982352131e-21,0.5878768,ANKRD28,7.60991364906884e-21,0.54779416,CLECL1,0.9156948178592588,0.48081338,MRC1,1.5435976218324865e-34,0.32407832,SLC25A37,1.2054306399227202e-49,0.44491833,AIF1,4.579891520407861e-06,-0.038764644,RUNX1,1.0116444960362234e-05,0.022763507,OXTR,5.247135058583443e-08,0.7374792,TRIB1,5.52224268420939e-26,0.31522787,CCL20,0.518872419612873,0.80885684,DNAAF1,0.6315329519109284,0.45742682,APOBEC3B,5.878084067978942e-07,0.62873316,SFRP4,0.000724303954012501,0.2995136,MKI67,0.020064521182115,0.31936783,RUNX1,2.907363245888108e-12,0.2135578,SPIB,0.019546309690181084,-0.68953735,LTB,0.012738584602501303,0.32590163
THAP2,5.678041542995279e-40,0.35930344,CCL8,9.548340194741974e-39,1.489235,TUBA4A,9.338616568533358e-43,0.040591132,PDGFRB,2.052089098784971e-18,0.0319208,PCOLCE,1.6123872090432923e-20,0.9964182,MPO,0.8873846871543097,0.04434092,C1QC,1.7524122843514682e-30,0.35635263,TIFA,6.561333412446719e-49,0.40072876,AKR1C3,5.540443636009454e-06,0.7878947,HDC,1.371472595601934e-05,0.067990385,RTKN2,3.2781414887551515e-07,0.14108242,GJB2,1.2912695548189204e-22,0.7227863,GJB2,0.5613536623563353,0.44866636,EDN1,0.7314503405851942,-0.24496473,SFRP1,1.0023164050488516e-06,0.14499563,CD274,0.0007790804191979494,1.5535444,OPRPN,0.048780445303381506,0.7568183,EIF4EBP1,1.5953728995571315e-11,0.58498824,KRT16,0.01350276007757667,0.19463167,POLR2J3,0.01496936209711268,0.046262387
MKI67,3.7199566493872034e-39,0.3086154,TPSAB1,6.622576641242196e-38,1.1477227,KRT5,1.4993321196898288e-40,0.1159987,GZMB,2.826232839477212e-18,0.75004804,CDC42EP1,3.7394623143770744e-20,0.93256754,APOBEC3A,0.821686676059623,0.40651894,FOXP3,1.5358216298542694e-29,2.0983455,BASP1,7.754671403189437e-43,0.1351371,FCER1G,8.413356217698243e-06,-0.09279825,CDC42EP1,3.259836862421771e-05,0.29260442,TRIB1,4.7113360177104715e-06,0.06935375,CLDN4,8.319410847474362e-22,0.17633812,CLEC9A,0.6325180136124032,0.6190875,S100A8,0.768332914457806,0.14395164,PDGFRB,1.8275415060151556e-06,-0.016592477,FCER1A,0.0024770496914716836,0.78647,TOP2A,0.05548712099752946,0.15939854,GLIPR1,3.3190458294585597e-09,0.099184275,PRF1,0.007906799172897848,-0.70420706,KRT14,0.051578954619782756,0.54286844
LGALSL,3.962257356176952e-34,0.3734444,PECAM1,1.4522844087372573e-36,-0.22449793,KRT23,2.1814701514981654e-37,0.5388919,CLEC9A,6.9215232059937275e-18,2.86881,RAB30,1.0553659274211111e-19,0.4823828,UCP1,0.821686676059623,-0.07236837,APOBEC3B,2.0940250121845342e-29,0.9706257,THAP2,3.944943579275395e-34,0.4942093,DNTTIP1,1.382961815999797e-05,0.22223797,LGALSL,0.00011973198688462033,0.120228775,ACTG2,0.0011510292607063105,0.030428814,FCER1G,1.2494003807025713e-19,0.03617525,IGSF6,0.6618117327932057,0.19992346,PIGR,0.8720964108743255,-1.5382775e-06,PTPRC,3.4932222094689995e-06,-0.1812988,ADH1B,0.004691837499815608,0.36633655,CYTIP,0.08262781844447306,-0.2752851,SCGB2A1,5.613225495275058e-09,3.0704658,MS4A1,0.005735913529524137,-0.96672285,KRT5,0.06067539053569161,0.5309992
DSC2,3.229620768822362e-33,0.018876733,FCER1A,1.7888710603500733e-34,0.56953716,ANKRD28,2.4732135742075802e-36,0.15713656,CCL8,2.2089161424012343e-16,1.4361116,TIMP4,2.5333367403207017e-19,1.4934943,NCAM1,0.821686676059623,0.6735084,DUSP2,3.391866131945057e-29,1.3693837,OXTR,5.144045331249929e-34,1.0060811,CLIC6,3.236806654058093e-05,1.4885422,MAP3K8,0.0004227106568503192,-0.054131117,KRT5,0.001456145685644121,-0.17464943,THAP2,2.028977370203859e-19,0.44597787,NCAM1,0.669477878312604,1.0684135,ELF5,0.9108024568456581,0.049269684,CTH,1.1377148458854235e-05,1.4974352,IGSF6,0.00670813583724257,0.3822684,PCLAF,0.14155684889034156,0.040584605,AQP3,1.5509016016778189e-06,0.6423686,FCER1A,0.0043263412049372235,-0.3809011,CCL20,0.06995774290433492,1.4853035
TUBB2B,1.5111431394801353e-32,0.33865055,KIT,7.561469220824851e-34,0.81437093,KARS,2.628580502216369e-35,0.104296185,CD80,1.254271422324064e-14,1.6171435,ACTG2,1.8689620757005845e-12,0.14270085,TCL1A,0.7708677580322759,0.31545737,FGL2,2.509879014490604e-28,0.12191072,VOPP1,7.333777652071667e-32,0.16327442,DAPK3,0.00017013669291994862,0.50266105,EDN1,0.0016260269355216335,0.29700646,DAPK3,0.0017256257205417415,0.32163647,FCGR3A,2.115962600991837e-15,0.21690544,TIFA,0.7314902915712295,0.44449565,NPM3,0.9139114908321297,0.1869342,CLECL1,1.8389266484230305e-05,1.0408491,C1QA,0.009312957876080233,0.40734223,CD9,0.1703025764441159,0.0038818852,RORC,1.5879704780067285e-06,0.8017097,HOXD9,0.00420800886191084,-0.84571487,SH3YL1,0.07887104893309603,0.18055314
RORC,1.539927323089878e-28,0.5964451,CD8B,6.309674348917294e-33,0.09099416,SCGB2A1,7.374122406939722e-34,2.9034104,DSC2,9.820029431635602e-14,0.31549326,DAPK3,1.0402635024980638e-11,0.8176349,MUC6,0.743685083449824,-0.2676835,ACTA2,6.192167757968781e-28,0.14738198,NPM3,9.641159356594517e-25,0.8554099,GZMB,0.00027700275124191307,0.34806305,DUSP5,0.0016698084072600747,-0.055914447,NPM3,0.003429345071944409,0.34510523,LGALSL,8.017673183404623e-14,0.41029868,APOBEC3A,0.8089290793022964,0.91527885,APOBEC3A,0.923778659209298,0.13514899,LRRC15,3.799131301864118e-05,0.3507645,PECAM1,0.012525353137590806,0.089217484,KARS,0.18240083332667595,0.1617959,ZNF562,2.7420110142824153e-06,0.17132846,AKR1C1,0.0041548204827622365,0.7745752,PTRHD1,0.09233464500837921,0.3652417
NPM3,4.8975264851418215e-21,0.57497793,IGSF6,7.284910288099861e-32,0.0147194145,RAB30,1.231261134303174e-31,0.059598345,ACTG2,2.3027366339303353e-11,0.11670281,ITM2C,1.4413839488349261e-11,0.049976557,IL2RA,0.6755435032027759,0.62016517,SLAMF7,7.879913212961904e-28,0.26049003,WARS,3.59862405507774e-22,0.027826557,TMEM147,0.0002809859709328769,0.10054638,MYH11,0.002334796035644128,-0.19051781,MDM2,0.018326662685114087,0.05006713,RAPGEF3,1.417191125364685e-13,0.4924978,CD1C,0.9183598631130673,0.14111559,AHSP,0.9547499477215701,-0.54077524,IGSF6,4.320649033116783e-05,0.15389907,POSTN,0.012873426950717007,0.07481044,MMP1,0.21502543915805825,1.0615848,CEACAM8,0.00020138397897118953,0.7000792,NKG7,0.0037622513178479683,-1.6341642,GNLY,0.0966429208955336,1.595347
TOMM7,1.1686327418757898e-20,0.11107215,SERPINB9,8.187350906321312e-27,0.042999495,DAPK3,1.1952458847156695e-30,0.554899,BANK1,9.836100688422256e-11,0.282871,SSTR2,1.4413839488349261e-11,2.485414,CYP1A1,0.6251053511466379,-0.35166794,NKG7,4.028271609080891e-24,1.3056685,LGALSL,3.189962259531415e-21,0.41029584,FOXC2,0.0003274760552770193,0.79301465,RTKN2,0.004166580122243959,0.047147542,LARS,0.019851927643760835,0.0045064916,ACTG2,7.035067027645879e-13,0.107914336,DPT,0.9736020549988836,0.20172954,UCP1,0.9522272097907964,-0.30435547,BANK1,0.0012311260026696342,0.16662285,CD163,0.01613732388994938,0.23604138,CD1C,0.21809184558296002,0.28354162,FOXC2,0.00027498475784876924,0.9452855,BANK1,0.0032972823334644157,-0.6370078,S100A14,0.17898005093394093,0.05413887
C2orf42,2.073858777799245e-19,0.39725584,ADAM9,2.065574881016239e-24,0.11881845,FSTL3,4.9082961582927306e-26,0.23926902,ZEB1,3.28531219454852e-10,0.11213237,PTN,9.060750388209194e-10,0.15795347,TCF15,0.6052399695040095,-0.8481095,CRISPLD2,2.931323286112001e-23,0.3654915,C2orf42,3.4554268714739513e-20,0.5555732,FAM49A,0.000572803901615012,0.15653485,SRPK1,0.00474405972150138,-0.017308423,PTRHD1,0.021467723047098028,0.0010260182,DAPK3,4.9086159965104375e-12,0.57273835,CD83,0.9819303754440999,0.27411553,CRHBP,0.9522272097907964,-2.5959492,GZMB,0.0017180010931810911,0.46919015,MMP2,0.016427712646120928,0.111962,PTRHD1,0.2394334025962881,0.15968783,LGALSL,0.0004436099077931213,0.41440606,EGFL7,0.0032346398147463373,-1.3083383,CCR7,0.1825714281651315,-0.0040594065
WARS,1.0034802166219184e-18,-0.03580766,PGR,2.5074051398944275e-23,1.3380826,KLRF1,2.5359720921818205e-25,0.76470345,LRRC15,1.405023921020213e-09,0.36906278,DNTTIP1,8.719190185498599e-07,0.31656897,MYBPC1,0.5736164345610472,-0.16496952,IGSF6,6.3177490950144474e-21,0.3176757,TRAPPC3,4.910382567309561e-18,0.080317326,ANKRD28,0.000853213656083918,0.2249188,MYLK,0.0062859488001301604,-0.08930053,DUSP5,0.047025688144356516,-0.13589387,NPM3,8.981328247197576e-11,0.641356,CRHBP,0.9692258961764156,-0.57011425,MYBPC1,0.926976685274426,-0.052938472,C2orf42,0.0022261533662907983,0.5984855,TYROBP,0.03335179941988627,0.66710323,SSTR2,0.28212069736389606,0.91757166,CXCL5,0.0006451113453241864,2.643357,LY86,0.00305470144787751,-0.46686485,PCLAF,0.25155077398937514,0.20849487
DAPK3,3.0538701744846345e-12,0.2743452,PDCD1LG2,7.452239598729402e-22,0.8277608,SFRP1,2.651076966094717e-25,-0.18734604,CD274,2.285410609582932e-09,1.216526,MAP3K8,9.589353572892972e-07,0.2926384,CSF3,0.5596179605586545,-0.18484387,PECAM1,1.0817315623622389e-18,0.0032194685,RAPGEF3,1.3263522744516424e-15,0.38468215,AVPR1A,0.0008542357210493671,0.7555606,S100A8,0.008714355306340557,0.6715472,MKI67,0.19503963831005786,-0.003933346,MMP2,3.330369058187611e-10,-0.2636671,CCL8,0.9675873595776956,0.30590314,MPO,0.919742105642148,-0.6083684,TRAPPC3,0.002705990033010821,0.14955047,PDGFRA,0.08830899640990032,0.18956916,PIGR,0.3177101767393487,0.65044695,ANKRD28,0.0027302884276528927,0.16303061,ANKRD29,0.002733706754594162,0.19236015,LYZ,0.3106629494979749,-0.07748387
RTKN2,2.972839276908662e-11,-0.058636423,KLRB1,2.441944637022312e-16,-0.40188006,MKI67,1.620888058949655e-17,0.15871653,SPIB,1.3652734976079154e-05,0.68145794,TCF15,7.4141612349872456e-06,3.228824,CXCL5,0.42588097373824446,-0.3003578,TCF4,3.695516624571499e-16,0.1769823,DUSP5,1.6505411179569543e-13,-0.041739754,IGSF6,0.0008962608498299464,-0.031989966,PGR,0.0140215461152655,0.9433521,FSTL3,0.23778878301610254,-0.03984279,TOMM7,7.75963276903922e-10,0.13652714,MUC6,0.9299734295380828,0.14557916,HOOK2,0.8738161682404179,0.05970908,CD86,0.010123500344546331,0.1481723,PDCD1LG2,0.09588726497720834,1.0974399,TRAPPC3,0.35857912728258373,0.034695886,MYBPC1,0.003785887925216703,2.5144613,AKR1C3,0.002701190502135503,-0.82466525,PECAM1,0.3551442943299653,-0.20163088
OXTR,4.625826203612477e-06,0.16061509,TYROBP,3.3254073920838054e-16,0.19028617,PTN,5.2081156954363495e-17,-0.046008494,KIT,5.8974827008478485e-05,0.4886024,TCEAL7,9.407454647412049e-06,0.7075187,SLC4A1,0.3908828106782008,-0.46972594,PDE4A,4.8857908730862284e-14,0.5554938,TUBB2B,5.352829898439679e-12,0.22159474,LIF,0.0009945838220155416,1.0955293,PIGR,0.01929688729853268,0.77954674,CDC42EP1,0.26347579339785565,0.046121027,CXCL16,1.4346356723344185e-09,0.034199063,CYP1A1,0.9183598631130673,0.0167207,ZNF562,0.8372749453501085,-0.01735652,IL2RA,0.02175255228736616,0.36734235,C1QC,0.10391382103054501,0.28641933,MYH11,0.3729584690636148,0.168359,AKR1C3,0.004942947663988011,0.74490094,CD8B,0.0023365292550108652,0.23568389,KRT6B,0.39332249983726786,0.2774426
REXO4,0.005384614160458605,0.20662083,PRDM1,5.508065469081106e-16,-0.22914568,SEC11C,7.339873600435244e-17,-0.1398391,PRDM1,0.0002778388045488535,-0.088611096,ADAM9,2.4821069746229918e-05,0.09860487,SLAMF7,0.3860418247846013,0.061402876,MEDAG,7.305319594930873e-14,0.75372255,DAPK3,1.4253488385644542e-10,0.38133904,THAP2,0.0011118558320488184,0.31709212,THAP2,0.031194902315625727,0.02173845,KARS,0.3162829267591322,-0.06286242,HOXD8,1.7930776207543568e-09,0.082575,MPO,0.9116566457575646,-0.4708255,TCF15,0.8235175394597879,-0.8411464,FCER1A,0.02175255228736616,0.20388317,CD3E,0.15582132431588233,-0.08994435,CLEC9A,0.4290986388159059,0.5888468,PELI1,0.014604973626230732,0.11199538,ANGPT2,0.001814748612036066,-0.3858354,FOXP3,0.4065422431225276,0.73008883
ANKRD28,0.005604431404784286,-0.11278529,CEACAM6,4.5946877604879816e-15,-0.17347904,ADAM9,1.413417370455316e-14,0.03777492,S100A8,0.00031847115103053836,1.214384,CCL8,2.5193175306392308e-05,0.85212713,LEP,0.28833211167852196,-1.1678635,FCGR3A,4.936961072386065e-13,0.35556036,LAG3,2.2402582950913245e-10,0.39673287,KRT6B,0.0015611065223872379,0.06600764,PTRHD1,0.10648298095675765,-0.02995791,KRT16,0.32922104661831536,-0.26556134,RTKN2,9.312856862487456e-09,0.05403747,UCP1,0.897481068660405,-0.17556207,MUC6,0.8226627553116199,-1.4201703,MDM2,0.02175255228736616,0.08317409,IL2RA,0.2895903891929646,0.5486146,CCL20,0.504367330623852,0.30915582,NCAM1,0.11953321271438266,0.97991574,HPX,0.0017454813118660073,-0.16362996,ERBB2,0.4530361120081121,0.22104187
FOXP3,0.014250357128014281,-0.2468772,LAG3,4.600669951490749e-15,0.48050514,THAP2,8.221315316318099e-12,0.0026564854,ADIPOQ,0.0009503882816635749,0.7328553,PGR,0.0001620149457268402,1.0001147,CD19,0.27146739486237803,-0.17429836,CD14,9.343542414827755e-13,0.17014185,PELI1,3.909236366565126e-10,-0.09540727,ACTG2,0.0025044029922180367,0.04446711,NPM3,0.11594349363675249,0.10927534,DNAAF1,0.33347248976970484,0.40188697,TUBB2B,1.3760721463326053e-08,0.27641064,MMP1,0.897481068660405,0.26115456,CXCL5,0.8033475632745707,-0.3443348,MNDA,0.02628949021899644,0.04303773,MRC1,0.31171591895472706,0.062723994,DUSP2,0.5546930192259163,0.03365931,LDHB,0.2796392623308757,-0.11972057,IL3RA,0.001169584688613173,-0.6723611,AQP3,0.5315568874108465,0.18858103
ACTG2,0.025813986376326935,-0.035910677,FCGR3A,9.528902784459044e-15,-0.052477293,MYH11,8.083187970849459e-11,-0.121871315,SFRP1,0.0013030129488567483,-0.048203986,CD79B,0.0007808813818914354,0.8301846,RORC,0.26890513834786506,0.76248163,FCER1A,2.9088291664823064e-11,0.6155947,DNTTIP1,2.8365753736313173e-08,-0.044652443,SSTR2,0.024783780167169513,1.1739846,ELF5,0.1493352864009324,0.21505053,LGALSL,0.37074805114331305,-0.053437363,CD68,4.263578249107437e-08,-0.075397104,TCF15,0.8913004201133333,0.105845556,PDCD1,0.7824858988972422,-2.3397274,TPSAB1,0.035852147157325,0.45040083,IGF1,0.3555583647675447,0.13889053,KRT15,0.6170324817726961,0.020859586,LPL,0.2919990274469385,-0.03153789,RORC,0.0011563910434608186,0.35525522,MKI67,0.540860839697072,0.2541744
PELI1,0.25047555023278617,-0.2803825,CLIC6,3.3652258701013693e-14,1.5459725,OXTR,3.303481607401694e-10,0.3452811,CPA3,0.0019912389849840273,0.69991416,SFRP4,0.0011157516810436027,-0.13447739,NDUFA4L2,0.17241809798834518,-1.3451248,RHOH,1.6254281629774913e-10,0.25229132,RORC,1.0554174719587922e-06,0.224627,MYH11,0.03929667311544606,0.070545286,OXTR,0.27466705869357416,0.028565558,THAP2,0.37472995441360546,-0.09569809,IGSF6,5.661810903812626e-08,-0.028632334,AHSP,0.8803050780843399,-1.1499343,DAPK3,0.7685317559417556,0.037540432,PDCD1LG2,0.0541020185541723,0.6078683,PELI1,0.43920064757883953,0.5698137,KRT5,0.6312217675870117,0.03978658,CLCA2,0.3240118902265496,0.9519775,CD79A,0.0010832670658828794,-1.6924018,MYO5B,0.5410461916641472,0.06864636
DNAAF1,0.260720914582228,0.25162604,CTSG,2.5604995378900205e-13,1.9937563,TIFA,1.8084289508004213e-09,-0.16004203,LILRA4,0.007934705349059995,0.68527913,NCAM1,0.001638435293490722,1.265143,SSTR2,0.12862393632326374,-0.9538782,LAG3,2.0882382902199604e-10,0.8792001,HPX,1.2230218693654418e-06,0.62399286,PDCD1LG2,0.13348302992721553,0.21071255,SCGB2A1,0.3390007074170169,0.57056046,HOOK2,0.392517145422636,-0.060238607,DUSP5,1.597618637270422e-07,-0.024187146,SPIB,0.865223672574832,0.17097807,AKR1C1,0.7515385969350754,-0.05590167,KLRB1,0.09367193659377311,-0.1799568,BTNL9,0.5139813729788933,0.13672124,APOBEC3A,0.6493829757223409,0.74792635,MMP12,0.48595722245184475,0.2239361,CEACAM8,0.0009068919419668684,0.25409123,TIFA,0.5576323269896218,0.21165968
SLC4A1,0.48025426205817695,-0.012797342,GJB2,1.0201873620147376e-12,0.24706896,CENPF,4.328978667094925e-08,-0.10502841,PIM1,0.012956296487241656,0.06280074,KIT,0.005275365798335144,0.24303824,FCER1A,0.12813467484720314,0.06788795,FBLIM1,6.097066734076479e-10,0.2920943,TRIB1,1.447040687369893e-06,-0.06881063,KARS,0.16686298454974985,0.055077028,LARS,0.3589369042640779,-0.02097398,SCGB2A1,0.4764890790481337,0.5702641,DNTTIP1,3.829887741150351e-07,0.03481636,CSF3,0.8160246593761133,-0.067201495,CTH,0.7423908178481857,-0.06324352,CCL8,0.10090372080678559,0.43478754,DUSP2,0.556076315694377,0.5894516,KRT6B,0.7236332060248784,-0.034594897,CCL20,0.6580834625534719,0.5673407,KRT23,0.0008675587515946459,-0.22446491,CD274,0.5863844488686297,0.35008588
ELF5,0.5763641808043682,-0.4128482,MAP3K8,1.1757588942892412e-12,0.020995276,RORC,1.5082713591973957e-07,0.12315826,MEDAG,0.01758270372891625,0.16881098,FBLN1,0.02437320623306876,-0.16636497,CD1C,0.1272748100368714,-0.017840536,TPSAB1,4.815708867336013e-09,1.0547497,HOXD8,1.6917366478147105e-06,-0.12913552,IL2RA,0.18168799126772467,0.08437645,C5orf46,0.4968300938351385,-0.15646563,MMP12,0.7735409119039636,-0.14635809,HOOK2,4.831472187622456e-07,0.14861554,CXCL5,0.7569103402106121,-0.046066396,CYP1A1,0.724854130479374,-1.3741846,CPA3,0.10090372080678559,0.64899206,CLEC9A,0.5857751360399077,0.6870829,KRT23,0.756245763267247,0.03298555,CTH,0.678648536337315,0.0714867,CAVIN2,0.000685151103660163,-1.1499391,TPSAB1,0.6060072979987595,0.23673193
MYBPC1,0.9499032876864237,-0.5407614,OPRPN,1.006676808731608e-11,0.84455234,CTH,6.210707939570504e-07,0.5340867,CTSG,0.08528963135203035,0.8869427,GNLY,0.051102866424638224,0.65828234,CLIC6,0.10277998038524062,-0.20446739,MNDA,1.6240881291859987e-08,0.20675723,REXO4,0.004975920303580423,0.3160149,CTH,0.1844857670511648,0.45238334,TENT5C,0.640497280815289,-0.2457585,TIFA,0.7837851867202705,-0.21655825,PPARG,1.4056235412798382e-06,-0.004338871,FCER1A,0.7569103402106121,0.034854177,CSF3,0.7217639207601437,-0.87050974,CD4,0.1019478245235474,-0.14134319,PDK4,0.7425142485050356,0.06770526,LEP,0.8045758181590027,0.8123638,MYH11,0.7018146316421237,-0.38513863,TCEAL7,0.0005712788548394783,-0.5275289,GZMK,0.6672822827405204,1.0540059
CRHBP,0.916519294032445,-1.8606217,MNDA,1.4184121277312378e-11,-0.15572295,PTRHD1,8.426247164090906e-07,-0.13533641,LPL,0.08826800105355527,0.13989407,EIF4EBP1,0.06346119044326622,0.2881682,CCL8,0.09494158188522928,0.0392129,MS4A1,2.171997473784496e-07,0.044062678,PPARG,0.020347656798880124,-0.32401326,BTNL9,0.18857944176797273,-0.30381045,FOXC2,0.6632095266003274,-0.30776554,C2orf42,0.8081069702790022,-0.1470329,SLC25A37,2.622226422731248e-06,0.009460567,MYBPC1,0.7523439402523882,-0.07231892,SLC4A1,0.6833861302223269,-1.0038041,TYROBP,0.16898905519721294,0.1742203,GZMK,0.7425142485050356,0.71018684,SLC4A1,0.8145848851300306,0.4911766,APOC1,0.7725859662324353,-0.0633196,CX3CR1,0.0004909097647219903,-0.6102691,PDCD1,0.6743781673970948,1.4456567
AHSP,0.9072497876693262,-0.9380238,LIF,2.149087503618092e-11,1.2167451,ACTG2,1.4852502960639547e-06,0.028284624,CRISPLD2,0.10973097721821984,-0.034790967,CD274,0.11523708884516781,0.29298252,CTSG,0.09492593459004436,-1.0377856,CCL20,2.3525332225211247e-07,1.7997738,BACE2,0.03914643597757857,-0.22500095,EIF4EBP1,0.252952813199229,0.10379636,EIF4EBP1,0.7859743113889288,-0.09004225,MYH11,0.8851239626054257,-0.43956393,C2orf42,2.0407788639497866e-05,0.22805044,TCL1A,0.6868695380905373,-0.32091185,SCGB2A1,0.6562378349504273,-0.5497048,FCGR3A,0.18562886683379212,0.03857464,ACTG2,0.8148259149471471,0.07006022,ELF5,0.8256925818176175,0.11260528,HMGA1,0.7742604138029395,-0.068184525,KLRD1,0.0002798005763657815,-0.9186236,ESM1,0.8317417635031256,-0.037646033
MPO,0.8728132717541706,-0.9741224,ADGRE5,3.8448679689641434e-11,-0.17438653,CCPG1,3.7001198908655553e-06,-0.14809617,KLRF1,0.17140187806112456,0.4358179,DUSP5,0.14864350198381918,0.11880913,LIF,0.07130804140826681,-0.20727898,RUNX1,5.748695376276824e-07,0.08104925,FOXP3,0.15590228208434792,-0.38752276,RAMP2,0.25440195094387436,-0.29135656,REXO4,0.8361409478193902,-0.092020385,SDC4,0.9682420284175327,-0.0904063,ANKRD28,5.198302810697374e-05,0.024893055,SSTR2,0.6618117327932057,-0.10532048,OCIAD2,0.526759755983699,-0.018814258,NCAM1,0.27559358209656054,0.9530835,TIGIT,0.8195889465082579,0.15828827,CXCL5,0.8256925818176175,0.8590774,DNAAF1,0.7778938160501991,0.21535571,DUSP2,0.00019774008893196245,-1.0567839,SCD,0.8323681121653589,-0.05464631
MUC6,0.7888805837260067,-0.90557426,APOC1,2.899122956268139e-10,-0.21610978,KRT6B,7.077531026155338e-06,-0.41804254,CCPG1,0.25528496789301397,0.07800024,SERPINB9,0.2213051531014096,0.03779948,CD86,0.06579981105496363,0.30067515,KIT,5.762125571800693e-07,0.824787,DUSP2,0.21118945293249422,-0.55984634,NPM3,0.2580905744292124,0.27701107,SOX18,0.8415227388242554,-0.15119871,MYBPC1,0.978582925536287,-0.3096336,RORC,7.52436523304797e-05,0.35769814,CTSG,0.6020971074910267,-0.26295564,ITM2C,0.515196183453091,-0.3099649,CTSG,0.3027776276686859,0.82960117,CLIC6,0.8821250854189989,0.6622609,MUC6,0.8429836907973246,0.6696778,NARS,0.9675181261860654,0.009371222,OXTR,0.00014359862817875605,-0.55992055,CD83,0.850769133784672,-0.06949396
APOBEC3A,0.7286193654475486,-0.8997157,CD93,1.517543048485048e-09,-0.5261934,RAPGEF3,1.9809514107844857e-05,-0.06408545,CCL5,0.277261332549203,-0.37685063,CLIC6,0.29044226208687657,0.498497,PLD4,0.05618058798956965,-0.34706324,CPA3,6.153725779855493e-07,1.4885937,DNAAF1,0.2385135616261553,0.68707806,KIT,0.30104415375592825,0.021570064,MMP1,0.8416097647927825,-0.25110388,SLC4A1,0.978582925536287,-0.061042067,DSC2,0.00032423708262463956,-0.11262743,LEP,0.5717472277786104,-0.8597345,DUSP2,0.5040257141441552,-0.32297102,MEDAG,0.35386884257664997,0.045355942,CCL8,0.8868711429255187,0.31818786,MPO,0.8476780693493032,0.9865087,CLIC6,0.9915213193191244,-0.052161563,NOSTRIN,0.00013210764658977666,-0.23319422,APOBEC3A,0.8563503342383663,0.50116456
CYP1A1,0.7014897308309807,-0.9371492,CD1C,1.9496464140424723e-09,0.023898993,NPM3,2.014599252924101e-05,0.12906471,TRIB1,0.36246303161669696,0.1725577,ADIPOQ,0.4323967815383849,0.22021694,MNDA,0.05618058798956965,0.22585209,CD86,7.17811719830717e-07,0.23544207,CXCL16,0.2919706680094442,-0.3264793,C2orf42,0.30908774830478436,0.11817804,RAB30,0.8755347230350788,-0.30906233,CRHBP,0.9488460654735773,-3.2170026,TUBA4A,0.00038473718456900907,-0.068063475,SLC4A1,0.5528194772569535,-0.65251297,NDUFA4L2,0.4801493389499544,-1.5829961,OPRPN,0.3724141972570424,0.26376686,MYBPC1,0.8903976944835403,0.79282695,CYP1A1,0.8738172254504923,0.27227587,QARS,0.9915213193191244,-0.02408977,LAG3,7.732219959371275e-06,-1.272516,KRT23,0.8633801085473097,0.34311277
